-- phpMyAdmin SQL Dump
-- version 4.9.2
-- https://www.phpmyadmin.net/
--
-- Servidor: localhost
-- Tiempo de generación: 23-12-2020 a las 21:30:16
-- Versión del servidor: 10.4.11-MariaDB
-- Versión de PHP: 7.4.1

SET SQL_MODE = "NO_AUTO_VALUE_ON_ZERO";
SET AUTOCOMMIT = 0;
START TRANSACTION;
SET time_zone = "+00:00";


/*!40101 SET @OLD_CHARACTER_SET_CLIENT=@@CHARACTER_SET_CLIENT */;
/*!40101 SET @OLD_CHARACTER_SET_RESULTS=@@CHARACTER_SET_RESULTS */;
/*!40101 SET @OLD_COLLATION_CONNECTION=@@COLLATION_CONNECTION */;
/*!40101 SET NAMES utf8mb4 */;

--
-- Base de datos: `bd_noticias`
--

-- --------------------------------------------------------

--
-- Estructura de tabla para la tabla `autores`
--

CREATE TABLE `autores` (
  `id` bigint(20) UNSIGNED NOT NULL,
  `nombre` varchar(200) COLLATE utf8mb4_unicode_ci NOT NULL,
  `created_at` timestamp NULL DEFAULT NULL,
  `updated_at` timestamp NULL DEFAULT NULL
) ENGINE=InnoDB DEFAULT CHARSET=utf8mb4 COLLATE=utf8mb4_unicode_ci;

--
-- Volcado de datos para la tabla `autores`
--

INSERT INTO `autores` (`id`, `nombre`, `created_at`, `updated_at`) VALUES
(1, 'Gabriel Colomé', '2020-12-20 21:00:00', '2020-12-20 21:00:00'),
(2, 'Héctor Chamizo', '2020-12-20 21:00:00', '2020-12-20 21:00:00'),
(3, 'JG Albalat', '2020-12-20 21:00:00', '2020-12-20 21:00:00'),
(4, 'Nacho Herrero', '2020-12-20 21:00:00', '2020-12-20 21:00:00');

-- --------------------------------------------------------

--
-- Estructura de tabla para la tabla `categorias`
--

CREATE TABLE `categorias` (
  `id` bigint(20) UNSIGNED NOT NULL,
  `nombre` varchar(200) COLLATE utf8mb4_unicode_ci NOT NULL,
  `created_at` timestamp NULL DEFAULT NULL,
  `updated_at` timestamp NULL DEFAULT NULL
) ENGINE=InnoDB DEFAULT CHARSET=utf8mb4 COLLATE=utf8mb4_unicode_ci;

--
-- Volcado de datos para la tabla `categorias`
--

INSERT INTO `categorias` (`id`, `nombre`, `created_at`, `updated_at`) VALUES
(1, 'Economia', '2020-12-20 21:00:00', '2020-12-20 21:00:00'),
(2, 'Politica', '2020-12-20 21:00:00', '2020-12-20 21:00:00');

-- --------------------------------------------------------

--
-- Estructura de tabla para la tabla `failed_jobs`
--

CREATE TABLE `failed_jobs` (
  `id` bigint(20) UNSIGNED NOT NULL,
  `uuid` varchar(255) COLLATE utf8mb4_unicode_ci NOT NULL,
  `connection` text COLLATE utf8mb4_unicode_ci NOT NULL,
  `queue` text COLLATE utf8mb4_unicode_ci NOT NULL,
  `payload` longtext COLLATE utf8mb4_unicode_ci NOT NULL,
  `exception` longtext COLLATE utf8mb4_unicode_ci NOT NULL,
  `failed_at` timestamp NOT NULL DEFAULT current_timestamp()
) ENGINE=InnoDB DEFAULT CHARSET=utf8mb4 COLLATE=utf8mb4_unicode_ci;

-- --------------------------------------------------------

--
-- Estructura de tabla para la tabla `migrations`
--

CREATE TABLE `migrations` (
  `id` int(10) UNSIGNED NOT NULL,
  `migration` varchar(255) COLLATE utf8mb4_unicode_ci NOT NULL,
  `batch` int(11) NOT NULL
) ENGINE=InnoDB DEFAULT CHARSET=utf8mb4 COLLATE=utf8mb4_unicode_ci;

--
-- Volcado de datos para la tabla `migrations`
--

INSERT INTO `migrations` (`id`, `migration`, `batch`) VALUES
(1, '2014_10_12_000000_create_users_table', 1),
(2, '2014_10_12_100000_create_password_resets_table', 1),
(3, '2019_08_19_000000_create_failed_jobs_table', 1),
(4, '2020_12_20_211242_create_autores_table', 1),
(5, '2020_12_20_212316_create_categorias_table', 1),
(6, '2020_12_20_213803_create_noticias_table', 1);

-- --------------------------------------------------------

--
-- Estructura de tabla para la tabla `noticias`
--

CREATE TABLE `noticias` (
  `id` bigint(20) UNSIGNED NOT NULL,
  `titulo` text COLLATE utf8mb4_unicode_ci NOT NULL,
  `autor_id` bigint(20) UNSIGNED DEFAULT NULL,
  `fecha_publicacion` date NOT NULL,
  `contenido` longtext COLLATE utf8mb4_unicode_ci NOT NULL,
  `url` text COLLATE utf8mb4_unicode_ci NOT NULL,
  `categoria_id` bigint(20) UNSIGNED DEFAULT NULL,
  `created_at` timestamp NULL DEFAULT NULL,
  `updated_at` timestamp NULL DEFAULT NULL
) ENGINE=InnoDB DEFAULT CHARSET=utf8mb4 COLLATE=utf8mb4_unicode_ci;

--
-- Volcado de datos para la tabla `noticias`
--

INSERT INTO `noticias` (`id`, `titulo`, `autor_id`, `fecha_publicacion`, `contenido`, `url`, `categoria_id`, `created_at`, `updated_at`) VALUES
(1, 'Aut quasi et modi.', 2, '2020-12-22', 'Repellendus accusamus est dolores fugit ipsum. Quae quaerat ipsa officiis asperiores dignissimos recusandae et. In est vel ratione est impedit quidem in quam. Dolorem deleniti quia aliquid corporis id mollitia ullam omnis. Natus maxime saepe consequatur exercitationem rerum. Numquam occaecati debitis aut iste ut sint quia eveniet. Non doloremque aliquid temporibus. Necessitatibus velit aspernatur illum sunt sint. Et sint omnis est dolor nulla et et. Aliquid suscipit quo vitae sapiente. Incidunt vero velit doloremque voluptates illo. Reprehenderit optio qui consequuntur repellendus ad cupiditate nihil. Nihil possimus perspiciatis labore quo error laboriosam. Neque deserunt inventore maxime ratione quis et autem. Maiores voluptatem aut necessitatibus molestiae praesentium. Sequi beatae minus voluptatibus beatae maxime laborum unde. Animi itaque veritatis minus ipsa in tenetur.', 'https://www.lavanguardia.com/r/GODO/LV/p7/WebSite/2020/11/10/Recortada/20201110-637406096580094420_20201110132028-kQFD-U49386554113lpD-992x558@LaVanguardia-Web.jpg', 1, '2020-12-23 19:29:38', '2020-12-23 19:29:38'),
(2, 'Qui omnis quibusdam minima ipsa cupiditate totam.', 4, '2020-12-24', 'Illum cum esse labore. Reiciendis omnis quidem beatae omnis corrupti. Eaque sint autem quas at voluptate architecto doloribus corrupti. Beatae asperiores non deleniti quis dolore vel. Neque et vitae qui laudantium nobis ipsum. Ea cumque qui assumenda numquam aspernatur repellendus. Asperiores recusandae dolores facere repellat necessitatibus qui voluptate earum. Deleniti et excepturi aut accusamus itaque voluptatibus quo. Enim odio qui nostrum fuga est qui quidem. Odio repudiandae architecto ut alias et sequi. Aperiam corrupti molestiae fuga deleniti voluptatem aut ab. Cumque perferendis excepturi explicabo omnis qui debitis. Repudiandae ut soluta id iste. Voluptatem quas iste recusandae sed. Voluptatum deserunt ipsam qui dolores quaerat. Minus minus amet sed sunt. Delectus suscipit consequatur quos nostrum qui aspernatur. Facere doloremque quasi consectetur qui id aut voluptatem.', 'https://www.lavanguardia.com/r/GODO/LV/p7/WebSite/2020/11/10/Recortada/EuropaPress_3419052_rey_felipe_vi_junto_representantes_colectividad_espanola_visita_bolivia_asistir_20201108120544-kIrE-XN6VE48MJ1AOC75C-992x558@LaVanguardia-Web.jpg', 2, '2020-12-23 19:29:38', '2020-12-23 19:29:38'),
(3, 'Maiores ea repellat tempore.', 2, '2020-12-23', 'Iure quia nisi voluptatem impedit impedit qui. Accusantium dolores ex et sit totam officiis. Asperiores tenetur rerum facilis. Ad qui aliquam aliquid aperiam quia voluptatum. Sunt sequi rerum reiciendis non. Dolores molestias ea omnis et. Tenetur aut magnam animi suscipit ut. Autem iusto reiciendis iure sunt alias similique. Repudiandae quis ea eveniet eligendi quo ipsum. Dolores error autem quibusdam quas. Aut sint ratione dolores explicabo sint omnis earum. Inventore quo aut fuga cum voluptas. Quibusdam porro rerum ut ea laudantium similique. Enim quia quis a. Et eum corporis nostrum quae eum architecto.', 'https://www.lavanguardia.com/r/GODO/LV/p7/WebSite/2020/11/10/Recortada/EuropaPress_3414464_presidente_gobierno_pedro_sanchez_interviene_acto_presentacion_plan_recuperacion_20201105140527-kV7D-U49361158425yYF-992x558@LaVanguardia-Web.jpg', 1, '2020-12-23 19:29:38', '2020-12-23 19:29:38'),
(4, 'Rerum repudiandae sed et aut cumque et voluptas inventore.', 3, '2020-12-24', 'Totam omnis impedit debitis qui voluptatem voluptatibus. Amet nemo occaecati perferendis et numquam quos ut. Voluptatem neque mollitia accusantium saepe et voluptas. Vitae incidunt sit dolor quidem. Non velit consequuntur cumque voluptatum. Qui quis tempore ut culpa voluptatem explicabo. Voluptatum enim alias eius ratione non. Aliquam asperiores possimus enim fugit quas minus. Molestiae consequatur veritatis aut in dignissimos. Error sed et rerum repudiandae quis nostrum. Quos perspiciatis aut expedita exercitationem. Eum temporibus quaerat consequuntur ullam ab consequatur amet. Minus officia similique sit fuga et. Eum aspernatur dicta voluptatem iusto at cupiditate.', 'https://www.lavanguardia.com/r/GODO/LV/p7/WebSite/2020/11/10/Recortada/EuropaPress_3419052_rey_felipe_vi_junto_representantes_colectividad_espanola_visita_bolivia_asistir_20201108120544-kIrE-XN6VE48MJ1AOC75C-992x558@LaVanguardia-Web.jpg', 1, '2020-12-23 19:29:38', '2020-12-23 19:29:38'),
(5, 'Laboriosam quisquam consectetur tempore quia.', 3, '2020-12-22', 'Facere facere suscipit enim explicabo culpa. Dolor sequi error autem maiores qui aut. Ut ad ex aut. Recusandae quaerat consequatur eos sunt perferendis fugiat accusantium sunt. Laborum id aliquid officiis neque similique autem exercitationem. Quam aut voluptatem harum ut. Laudantium et quia nam repudiandae consequatur. Numquam debitis reprehenderit quis repellat. Unde quibusdam est sit fugit sit. Repellendus aliquam non esse magni eos placeat dolores quis. Tenetur enim aut omnis earum. Consectetur amet porro dicta aut libero ut. Labore enim soluta quasi sit quam. Ipsum odit voluptas optio libero. Quo mollitia numquam pariatur alias. Aut nam dolor corrupti quos quaerat dolores. Accusantium possimus incidunt ut harum quod. Est omnis est quia veniam reprehenderit eveniet occaecati. Libero magni culpa qui corporis incidunt corrupti. Omnis ut dolores et quis repudiandae. Nulla inventore ut quas et id. Rerum eligendi in aut perferendis modi. Rerum autem ipsum autem dolores expedita deserunt aliquam. Omnis nostrum blanditiis porro quis. Autem autem nemo accusantium facere aperiam beatae quis dignissimos. Iusto ad nemo aut velit ea.', 'https://www.lavanguardia.com/r/GODO/LV/p7/WebSite/2020/11/10/Recortada/EuropaPress_3414464_presidente_gobierno_pedro_sanchez_interviene_acto_presentacion_plan_recuperacion_20201105140527-kV7D-U49361158425yYF-992x558@LaVanguardia-Web.jpg', 2, '2020-12-23 19:29:38', '2020-12-23 19:29:38'),
(6, 'Veritatis accusamus reprehenderit quam ducimus rerum.', 4, '2020-12-22', 'Ab cum atque voluptas provident omnis. Perferendis eius esse delectus dolores ut. Et voluptas laborum dolor hic nihil debitis. Dignissimos et id tenetur debitis dolores. Quas voluptatem sunt quia sunt minus expedita et. Dignissimos voluptas et ipsa molestiae ullam nam sit eveniet. Dolorem quia impedit dicta qui odio quia non cum. Soluta sed laborum odio officiis mollitia nihil. Earum et et animi eos aut vel. Corrupti harum nihil suscipit eum occaecati dolores. Quam quam cumque dolorem aut qui eos. Ipsa quibusdam debitis dolorem voluptatem temporibus. Autem nihil error ducimus eos et. Omnis molestias voluptatum omnis voluptas cum eos. Numquam repellendus voluptas quaerat assumenda aliquam ea. Dolores animi aut enim illo. Minus harum voluptatem ea quas quis sunt porro. Deleniti beatae nemo aspernatur. Enim velit ab laudantium. Sequi non dicta explicabo porro iste. Aliquam aut sint quia ut accusamus ut deleniti a. Qui dolor fuga id ab culpa quidem.', 'https://www.lavanguardia.com/r/GODO/LV/p7/WebSite/2020/11/10/Recortada/EuropaPress_3414464_presidente_gobierno_pedro_sanchez_interviene_acto_presentacion_plan_recuperacion_20201105140527-kV7D-U49361158425yYF-992x558@LaVanguardia-Web.jpg', 1, '2020-12-23 19:29:38', '2020-12-23 19:29:38'),
(7, 'Rerum at dolores eaque eaque ex.', 3, '2020-12-25', 'Earum blanditiis rerum beatae nam sint. Provident aliquam omnis nesciunt placeat. Saepe quas ut perferendis animi dolores doloribus. Ea ut ad iste. Provident quidem ut temporibus adipisci sed laboriosam facilis. Beatae ut dolorem sequi amet saepe dolore labore. Voluptatibus quod dicta excepturi sed qui ab est doloribus. Fugiat sequi ad sapiente similique. Ut necessitatibus explicabo sint perspiciatis fuga. Et commodi culpa autem in provident voluptas autem. Maiores corrupti est quo exercitationem minus culpa. Modi sint aspernatur reprehenderit corrupti ut. Quis libero recusandae est omnis. Sunt qui qui aut et deleniti natus nostrum. Iste qui aut qui voluptas et fuga.', 'https://www.lavanguardia.com/r/GODO/LV/p7/WebSite/2020/11/10/Recortada/EuropaPress_3422304_valores_ibex_35_bolsa_madrid_espana_10_noviembre_2020_ibex_35_iniciado_sesion_20201110102031-khKG-U49384605019jcC-992x558@LaVanguardia-Web.jpg', 2, '2020-12-23 19:29:38', '2020-12-23 19:29:38'),
(8, 'Illo doloribus sed maiores voluptatem.', 1, '2020-12-25', 'Provident qui ut impedit ducimus omnis voluptatem modi. Incidunt reprehenderit quia aspernatur expedita reiciendis doloribus. Pariatur rerum deserunt sed voluptatibus. Dicta consequuntur et sint est nulla laudantium qui et. Harum nam iste et eum nemo. Accusamus nemo voluptatum vel aperiam et unde corporis. Asperiores est voluptatibus eum omnis ipsa sint minus. Quod eos aspernatur molestiae odit ab blanditiis. Quia deleniti ab labore occaecati aspernatur perferendis. Et temporibus consequatur non. Eos ipsa eius voluptatibus sit eaque. Dignissimos ut ipsum ut voluptates dolores est nihil consequatur. Porro iusto rerum nam qui et error. Ipsa excepturi incidunt dignissimos dolorem soluta et earum. Alias ut asperiores ex quaerat molestias. Dolore consequatur a corporis id deleniti eaque rerum at. Dignissimos mollitia omnis excepturi qui quo et. Facere eos soluta cumque corrupti impedit rerum similique. Velit id natus omnis explicabo pariatur molestiae. Vitae aut aut in unde voluptas necessitatibus quia. Velit ea aut amet vel quibusdam quaerat. Fugit officiis provident sequi amet sunt vero reiciendis. Quos illum officia qui deserunt doloremque accusamus. Vitae eaque deleniti animi quia quis similique. Quia dolorum libero est repellat.', 'https://www.lavanguardia.com/r/GODO/LV/p7/WebSite/2020/11/10/Recortada/20201110-637406096580094420_20201110132028-kQFD-U49386554113lpD-992x558@LaVanguardia-Web.jpg', 2, '2020-12-23 19:29:38', '2020-12-23 19:29:38'),
(9, 'Distinctio aliquid et sed est voluptatem rerum.', 1, '2020-12-24', 'Temporibus quo fuga est tenetur ipsum nam rerum. Consequatur praesentium sit assumenda in. Cum ratione et facilis ex rerum aut debitis. Delectus quod et amet ut. In magnam sit laboriosam est similique. Voluptates aut facilis quidem molestias. Eos amet qui aspernatur ratione. Voluptatem illum vel velit et. Facilis optio ea est maxime. Fugit harum nulla id est a modi vel. Tempore ut eum nemo et provident minima enim. Dignissimos minima omnis accusantium eveniet non rem necessitatibus. Laudantium sit atque aut et omnis ea. Voluptas iusto amet qui vero quia quisquam in eaque.', 'https://www.lavanguardia.com/r/GODO/LV/p7/WebSite/2020/11/10/Recortada/EuropaPress_3419052_rey_felipe_vi_junto_representantes_colectividad_espanola_visita_bolivia_asistir_20201108120544-kIrE-XN6VE48MJ1AOC75C-992x558@LaVanguardia-Web.jpg', 1, '2020-12-23 19:29:38', '2020-12-23 19:29:38'),
(10, 'Doloremque labore fugiat quaerat sed voluptas nesciunt qui.', 4, '2020-12-22', 'Qui natus veritatis rem inventore neque libero eius. Aut quisquam iste nemo fugit quaerat. Quia maxime et officiis molestias. Quidem impedit et labore et officia sed quasi. Alias aliquam aut sint id iure maxime dolore. Eos rerum ut ullam qui suscipit. Et nihil ut non autem ad omnis quod. Eum quisquam fugit voluptas ut a rerum. Voluptatum omnis eos omnis expedita eaque. Dolores deleniti nihil ipsa mollitia laudantium qui eligendi. Sunt minus repellendus debitis delectus aliquam ad quia. Dolor officiis iure ea voluptatem aut consequatur rerum. Nostrum qui veritatis qui expedita omnis qui. Dolor eos eveniet totam enim sit ipsam aut. Beatae adipisci id ipsum cumque adipisci qui. Minus sequi autem enim harum et voluptas reprehenderit. Architecto qui cupiditate neque quia harum aut magni. Inventore expedita vel ex unde ut. Et repellendus assumenda consequatur unde non.', 'https://www.lavanguardia.com/r/GODO/LV/p7/WebSite/2020/11/10/Recortada/EuropaPress_3422304_valores_ibex_35_bolsa_madrid_espana_10_noviembre_2020_ibex_35_iniciado_sesion_20201110102031-khKG-U49384605019jcC-992x558@LaVanguardia-Web.jpg', 1, '2020-12-23 19:29:38', '2020-12-23 19:29:38'),
(11, 'Et sit totam consequatur porro.', 4, '2020-12-23', 'Debitis est quia quo quos. Sint cumque dolorem provident necessitatibus ut vel. Voluptas similique laboriosam et sed ducimus aperiam voluptatem. Tempore iure error modi fuga molestias qui. Quis quasi id enim voluptatem. Molestiae consequatur cumque commodi quia doloremque. Officiis modi fugit dicta necessitatibus mollitia non. Ea natus possimus assumenda nobis saepe quaerat. Nobis voluptatum atque ipsa cum eveniet molestias occaecati. Velit hic rerum repudiandae quasi ab autem repellendus. Voluptatem sunt vitae esse aliquam eum. Magni ut sed sit rerum. Amet excepturi ipsum qui. Natus nisi sed cum eius qui et. Omnis omnis molestias voluptates minus et molestias quis nisi. Blanditiis molestiae tempora numquam at harum reiciendis. Labore corporis eum rem suscipit doloribus. Vitae quaerat soluta quam neque voluptas voluptatem. Officiis et voluptas rerum magni. Ut omnis et deleniti molestias aut voluptates impedit. Minima voluptas sit quia saepe. Unde sed temporibus ea animi omnis est quos accusamus.', 'https://www.lavanguardia.com/r/GODO/LV/p7/WebSite/2020/11/10/Recortada/EuropaPress_3422304_valores_ibex_35_bolsa_madrid_espana_10_noviembre_2020_ibex_35_iniciado_sesion_20201110102031-khKG-U49384605019jcC-992x558@LaVanguardia-Web.jpg', 2, '2020-12-23 19:29:38', '2020-12-23 19:29:38'),
(12, 'Eveniet eaque veniam tempora ut est et saepe sequi.', 2, '2020-12-25', 'Et qui veniam minima qui alias. Ut quod iure a recusandae modi. Possimus omnis amet molestias quae porro dolore laudantium. Delectus assumenda dolores autem distinctio quia atque praesentium. Nemo sapiente omnis dolor sed id. Iure nam dolor qui aut sed officia enim ea. Amet minus autem unde facilis unde voluptatem. Omnis rerum mollitia voluptatem pariatur. Deserunt molestiae iusto quaerat eum eligendi quae qui. Quia aspernatur est distinctio aut nam unde quas eos. Perferendis nam quae fugit sunt ipsam quibusdam at. Corrupti cumque eos veniam ut veritatis sit. Autem consequatur qui nisi et est a architecto. Labore voluptatem accusantium vel vero. Id nostrum sed omnis. Incidunt nam aut omnis voluptas accusantium qui vero. Magni pariatur et consequuntur in recusandae non. Quam in totam perspiciatis in repudiandae est. Omnis quod eum non architecto dolor. Quas eius dolores reprehenderit nihil assumenda nobis ipsam. Qui velit iste provident voluptas ut.', 'https://www.lavanguardia.com/r/GODO/LV/p7/WebSite/2020/11/10/Recortada/20201110-637406096580094420_20201110132028-kQFD-U49386554113lpD-992x558@LaVanguardia-Web.jpg', 1, '2020-12-23 19:29:38', '2020-12-23 19:29:38'),
(13, 'Ratione nisi labore quas voluptatem itaque.', 3, '2020-12-23', 'Quasi reprehenderit sed blanditiis id sint cum incidunt. Quidem non illo non tempore repudiandae modi corrupti sit. Ut vitae dolorum repellat ab impedit quia optio. Architecto ut voluptatibus et iure eveniet blanditiis. Sapiente voluptatem facere et magni. Et asperiores nemo soluta magni voluptatem exercitationem. Fugiat officiis sit voluptate dolores aut eos. Sed eos laudantium velit qui. Commodi error laborum ipsam nihil natus repellat animi. Unde nemo ab ut sint repudiandae voluptatem. Sit laudantium nostrum deleniti aut. Exercitationem necessitatibus consequuntur corrupti atque veniam excepturi. Nisi ad et minus consequatur corrupti odio. Vitae sit non odio nam vero accusantium officiis. Aliquam aut aut et veritatis ducimus et est.', 'https://www.lavanguardia.com/r/GODO/LV/p7/WebSite/2020/11/10/Recortada/EuropaPress_3422304_valores_ibex_35_bolsa_madrid_espana_10_noviembre_2020_ibex_35_iniciado_sesion_20201110102031-khKG-U49384605019jcC-992x558@LaVanguardia-Web.jpg', 2, '2020-12-23 19:29:38', '2020-12-23 19:29:38'),
(14, 'Ut non est et esse voluptates et.', 3, '2020-12-25', 'Similique consequatur sed recusandae nihil omnis minima suscipit. Cupiditate doloremque atque quia dolores optio beatae illum. Earum dolore itaque omnis facere quia aut quo unde. Necessitatibus dolorem nihil qui non ipsa ut. Voluptas inventore illo doloremque nesciunt veniam et. Quis officiis est vitae assumenda est sit. Accusamus quos vel nisi ea repudiandae deleniti suscipit. Voluptas hic non at necessitatibus impedit quidem. Eaque aut esse quae officiis amet omnis. Impedit accusantium quisquam voluptate voluptatem. Expedita in est sint qui. Voluptas reprehenderit tempore qui mollitia deleniti delectus est. Reiciendis nemo aliquam quae nihil error omnis. Ratione eaque sed consequatur quia id. Eos dicta non et sit repudiandae autem. Repellat quaerat qui tempora occaecati voluptas veritatis sit dolores. Aut repellendus ut asperiores natus. Neque quo error asperiores similique. Est rerum aspernatur assumenda reiciendis ullam consequuntur ut. Omnis voluptatem voluptatem aut dignissimos nisi dicta est. Vero impedit ipsum odio id magnam molestiae. Et consequuntur ratione ut nesciunt quo commodi ut. Qui exercitationem placeat dolorum consequatur mollitia cum quis quos. Et commodi unde ut. Est voluptas fugit adipisci sed. Consequuntur laboriosam architecto eos deleniti sed doloremque. Minus repellendus est est mollitia animi sed in ut.', 'https://www.lavanguardia.com/r/GODO/LV/p7/WebSite/2020/11/10/Recortada/20201110-637406096580094420_20201110132028-kQFD-U49386554113lpD-992x558@LaVanguardia-Web.jpg', 1, '2020-12-23 19:29:38', '2020-12-23 19:29:38'),
(15, 'Atque sit voluptatem impedit nihil veniam.', 1, '2020-12-22', 'Laborum non occaecati minus aliquam. Ea placeat cum quis sit perspiciatis. Consequuntur ut quae ea voluptas eaque et. Nobis deserunt rerum necessitatibus quia dolorum fugit. Aut doloremque vitae ad quasi. Rerum aut sapiente hic et voluptas perspiciatis deleniti. Possimus ab est voluptatem iste soluta voluptas commodi. Ut libero eum repellat facere eius. Enim suscipit ut consequatur soluta nulla amet quae voluptate. Repellat molestiae et aut soluta. Nesciunt ut eaque voluptatem expedita occaecati id. Quos minima eius vel voluptate odit voluptatem odit deserunt. Quis aspernatur laborum et. Maiores id ut voluptatem voluptas. Hic et ut consequatur perferendis magnam non veniam. Occaecati nihil et sit autem. Cupiditate repellendus repellendus similique repellat. Recusandae ab ea sit magni veritatis dignissimos. Eius eveniet qui velit similique temporibus autem modi. Quis nisi officia distinctio ipsum sed odio. Quia cum eos molestiae veniam assumenda. Iste voluptatum consectetur nemo. Nemo sapiente debitis quo rerum est ut qui. Magnam ducimus itaque officia culpa et dicta ea. Voluptatem quaerat voluptas aut aut praesentium amet.', 'https://www.lavanguardia.com/r/GODO/LV/p7/WebSite/2020/11/10/Recortada/EuropaPress_3422304_valores_ibex_35_bolsa_madrid_espana_10_noviembre_2020_ibex_35_iniciado_sesion_20201110102031-khKG-U49384605019jcC-992x558@LaVanguardia-Web.jpg', 1, '2020-12-23 19:29:38', '2020-12-23 19:29:38'),
(16, 'Velit excepturi repellendus eius corrupti ullam amet eum.', 1, '2020-12-24', 'Architecto animi voluptas modi et voluptas aut ut in. Beatae harum est molestias et est temporibus. Tempore possimus aut asperiores ut placeat aspernatur est. Atque soluta laboriosam tempora ut et. Accusantium pariatur dolores autem laudantium natus culpa. Consequatur modi ea nostrum sed enim iusto inventore nostrum. Qui hic nesciunt ut tempore. Ipsa vel et qui quis est quis earum quas. Perferendis recusandae nulla ut sit enim sit debitis. Dignissimos saepe quaerat est eveniet et quo. Eos autem qui perferendis ipsa. Aut et dolorem quod qui odit placeat et. Fugiat voluptatem reiciendis veniam quis officiis ipsum. Ipsa eum cum ex accusamus asperiores minus veniam. Quia cumque est aut quo et. Necessitatibus quia sit culpa modi in est dicta aliquid. Ratione et non quis rerum ea in officiis. Corrupti accusamus aperiam illum nobis.', 'https://www.lavanguardia.com/r/GODO/LV/p7/WebSite/2020/11/10/Recortada/EuropaPress_3419052_rey_felipe_vi_junto_representantes_colectividad_espanola_visita_bolivia_asistir_20201108120544-kIrE-XN6VE48MJ1AOC75C-992x558@LaVanguardia-Web.jpg', 1, '2020-12-23 19:29:38', '2020-12-23 19:29:38'),
(17, 'Blanditiis vero recusandae natus at quae.', 2, '2020-12-22', 'Cupiditate quos non dolor ipsa sit perspiciatis. Asperiores ratione ipsam illo iusto laudantium eum maxime. Dolor aut non ut natus ea et. Ullam dolorum voluptates cum. Nobis quae dicta fuga maiores dolor. Harum voluptates minima numquam sunt. Odio qui et sint incidunt voluptatum impedit. Recusandae aperiam voluptas officia aspernatur deleniti laboriosam. Modi consequatur iure expedita dolor cupiditate quos ipsa. Illo sit dicta placeat esse quaerat esse saepe. Sint quia et recusandae qui dolores distinctio unde. Consectetur doloribus eos quod. Dolore sit a saepe voluptas. Et magni debitis et voluptatum numquam enim aut. Ducimus accusamus tempore voluptas nobis sit. Assumenda doloribus ut est rerum non dolore officia. Ipsam doloremque porro aliquid totam harum. Quia earum aliquid odit similique nihil voluptate dolores.', 'https://www.lavanguardia.com/r/GODO/LV/p7/WebSite/2020/11/10/Recortada/EuropaPress_3414464_presidente_gobierno_pedro_sanchez_interviene_acto_presentacion_plan_recuperacion_20201105140527-kV7D-U49361158425yYF-992x558@LaVanguardia-Web.jpg', 2, '2020-12-23 19:29:38', '2020-12-23 19:29:38'),
(18, 'Sint ut ipsa sit inventore.', 1, '2020-12-25', 'Non neque voluptas eum. Expedita officiis sint numquam voluptatem error molestiae ex eius. Totam dolor iste numquam dolor eos quidem. Consequuntur doloremque porro ab est nihil voluptatem ex. Dolor aliquid sed consequatur maiores quo ut ad. Maxime natus aspernatur sed recusandae corrupti sed. Ut et quis tempore impedit. Libero repellat saepe odit rerum quae consequuntur molestias. Odio unde est distinctio iure doloribus expedita. Enim asperiores est voluptas hic aspernatur qui. Nemo est temporibus quae autem veniam error impedit iusto. Ut sunt officiis consectetur. Ipsa deserunt dolor consequatur mollitia hic velit voluptatem. Amet quia ea voluptas quia voluptatem ullam enim. Recusandae quia optio totam. Voluptatem id magnam quia deleniti et dolores veniam. Accusantium cum quia et voluptatem accusantium. Ab eum qui explicabo vel architecto non omnis. Odio est culpa velit illum ea nemo.', 'https://www.lavanguardia.com/r/GODO/LV/p7/WebSite/2020/11/10/Recortada/20201110-637406096580094420_20201110132028-kQFD-U49386554113lpD-992x558@LaVanguardia-Web.jpg', 1, '2020-12-23 19:29:38', '2020-12-23 19:29:38'),
(19, 'Adipisci iure sequi quibusdam voluptatibus.', 1, '2020-12-22', 'Quos atque vel tempora et. Saepe hic magnam nihil. Iste eaque debitis quas fugiat nulla ut porro. Enim atque praesentium sit enim. Ipsa tempore eos ipsum. Eum provident id veritatis exercitationem. Incidunt et repellendus architecto neque. Ab minus placeat est eum eos quia incidunt. Commodi voluptas saepe ut nisi et minima. Architecto cumque aut modi velit soluta veniam. Porro consequatur eos illum et in. Id delectus aut ex ut est minus. Sunt nulla provident quo et eum ullam. Velit quia rem qui. Expedita et temporibus nulla. Nam ea omnis magni voluptas porro id. Asperiores sint aut nobis minus laboriosam sint quos qui. Quae quam rem aut laborum temporibus. Velit blanditiis qui dolores quo maxime corporis maiores. Et quaerat voluptas quas.', 'https://www.lavanguardia.com/r/GODO/LV/p7/WebSite/2020/11/10/Recortada/20201110-637406096580094420_20201110132028-kQFD-U49386554113lpD-992x558@LaVanguardia-Web.jpg', 2, '2020-12-23 19:29:38', '2020-12-23 19:29:38'),
(20, 'Doloremque sed enim rem.', 4, '2020-12-24', 'Est et dolores velit est. Impedit et voluptatem dolore sint aut ab. Ipsam voluptates pariatur et corporis et voluptas exercitationem nulla. Iste quod et et reprehenderit. Tempora et ut in iusto molestiae animi. Voluptas labore sint quasi provident. Sit molestias dolorem rem maxime sapiente. Sapiente repudiandae ullam praesentium voluptatem. Praesentium corrupti accusantium vero molestias at atque quidem. Pariatur magnam culpa ipsam velit sit. Dignissimos architecto quia aut rerum. Nostrum ut aut adipisci id voluptatibus et libero quis. A modi sint perferendis voluptates. Labore in voluptas dolor accusamus sed voluptates debitis. Minus non voluptatem adipisci. Voluptates reiciendis et deleniti aspernatur. Dolores explicabo sit est quae. Laborum aut culpa quia eveniet. Quia dolorem voluptatum et quas. Vel aliquid quaerat culpa voluptates assumenda. Debitis et doloribus voluptates eligendi esse. Aut alias qui in autem fugit qui sint. Est dolor optio molestiae qui blanditiis. Sunt aut non nemo.', 'https://www.lavanguardia.com/r/GODO/LV/p7/WebSite/2020/11/10/Recortada/EuropaPress_3414464_presidente_gobierno_pedro_sanchez_interviene_acto_presentacion_plan_recuperacion_20201105140527-kV7D-U49361158425yYF-992x558@LaVanguardia-Web.jpg', 2, '2020-12-23 19:29:38', '2020-12-23 19:29:38'),
(21, 'Ullam pariatur autem esse et vel.', 4, '2020-12-24', 'Est sed eligendi enim mollitia sint ipsum mollitia. Ut est autem quod earum. Perferendis quis vel facere dicta rerum. Sunt tenetur occaecati sunt a laudantium hic occaecati dolor. Animi quam porro mollitia pariatur dolorem. Iusto ut qui qui consequatur suscipit at quo. Possimus vero officia sit nihil fugiat omnis. Cumque sed tenetur incidunt vel repellendus. Qui ad dolorum praesentium quaerat eaque. Minus magnam molestias voluptas. Natus eum distinctio ut cum. Est aut facere accusamus laudantium corporis. Sunt recusandae rerum tenetur nulla reiciendis sequi. Est qui et quasi est qui. Omnis quia sapiente accusamus numquam aliquid eos omnis. Nostrum quo qui sapiente doloribus rerum sed. Est expedita autem iste ipsa provident omnis enim ut. Porro non deserunt maxime quia et. Aut voluptate sed excepturi laborum placeat ut. Ducimus qui quod molestiae quas culpa. Sint eius facilis dicta voluptas labore nam. Accusantium nobis quis deleniti magni. Fugiat explicabo ducimus non.', 'https://www.lavanguardia.com/r/GODO/LV/p7/WebSite/2020/11/10/Recortada/EuropaPress_3414464_presidente_gobierno_pedro_sanchez_interviene_acto_presentacion_plan_recuperacion_20201105140527-kV7D-U49361158425yYF-992x558@LaVanguardia-Web.jpg', 2, '2020-12-23 19:29:38', '2020-12-23 19:29:38'),
(22, 'Saepe illo et iste aut voluptatem incidunt eos.', 4, '2020-12-23', 'Veniam sequi autem deserunt aliquam. Non omnis ipsa corporis. Iure et velit aspernatur aliquid. Quisquam unde aut rem hic nihil ratione. Odit est sapiente iusto nihil. Aut sint optio voluptates hic quos ratione quia. Asperiores sunt sunt illo accusamus repudiandae nesciunt molestias. Maxime mollitia ratione aut iure porro. Magnam facilis quasi omnis dolores. Amet velit facilis odit voluptatibus sunt modi qui. Qui ipsum laboriosam error veritatis voluptatem ut. Iste laborum quia quia consequatur magnam. Vel magni consequuntur nam eum blanditiis ut enim quo.', 'https://www.lavanguardia.com/r/GODO/LV/p7/WebSite/2020/11/10/Recortada/EuropaPress_3422304_valores_ibex_35_bolsa_madrid_espana_10_noviembre_2020_ibex_35_iniciado_sesion_20201110102031-khKG-U49384605019jcC-992x558@LaVanguardia-Web.jpg', 2, '2020-12-23 19:29:38', '2020-12-23 19:29:38'),
(23, 'Et rerum qui eveniet iste asperiores sit.', 2, '2020-12-22', 'Fuga illum cupiditate velit cumque quod cupiditate. Reprehenderit consequuntur itaque maiores aliquid delectus. Et necessitatibus ducimus odit at voluptatibus. Libero aut debitis velit aut possimus quibusdam nobis est. Vel voluptatem quibusdam labore cum iusto excepturi velit. Est reprehenderit tempore consequatur. Quis error id ea ut alias voluptatum quae. Qui aut modi ab voluptas occaecati reiciendis laborum dolor. Est nisi totam velit maiores veritatis eos. Pariatur in temporibus enim quam quasi explicabo. Hic consequatur sint sunt dolore id eum. Earum nesciunt optio eveniet consequatur et officiis suscipit. Dignissimos ipsum voluptatibus architecto beatae a alias consectetur.', 'https://www.lavanguardia.com/r/GODO/LV/p7/WebSite/2020/11/10/Recortada/EuropaPress_3422304_valores_ibex_35_bolsa_madrid_espana_10_noviembre_2020_ibex_35_iniciado_sesion_20201110102031-khKG-U49384605019jcC-992x558@LaVanguardia-Web.jpg', 1, '2020-12-23 19:29:38', '2020-12-23 19:29:38'),
(24, 'Odio eos saepe eos recusandae.', 2, '2020-12-21', 'Et libero doloribus ut. Nobis necessitatibus voluptas aperiam excepturi tempore. Saepe assumenda aut earum est iste consequatur. Ea omnis quis ut exercitationem autem doloribus. Pariatur nisi laudantium facilis saepe. Quae ratione suscipit dolorem autem itaque. Accusamus eos debitis quia quae. Voluptas illum est hic a. Iste molestias rem ipsa dolore eaque ex. Sint magnam ipsum fuga totam aspernatur in adipisci inventore. Vel harum et expedita debitis. Natus id consequatur dolores dolores quia consequatur. Ut eos quia eveniet blanditiis. Odio praesentium cumque quisquam. Quasi et et tenetur et deleniti. Quod animi qui facere eos voluptas modi. Velit vero nam architecto non voluptatem. Assumenda dignissimos at omnis ad veritatis ea incidunt. Ullam et et maxime nostrum. Sit neque rerum iusto ut. Optio fuga et dolor sunt eos. Saepe earum id est earum. Culpa est illum voluptatem ullam inventore. Placeat consectetur omnis neque itaque.', 'https://www.lavanguardia.com/r/GODO/LV/p7/WebSite/2020/11/10/Recortada/EuropaPress_3414464_presidente_gobierno_pedro_sanchez_interviene_acto_presentacion_plan_recuperacion_20201105140527-kV7D-U49361158425yYF-992x558@LaVanguardia-Web.jpg', 1, '2020-12-23 19:29:38', '2020-12-23 19:29:38'),
(25, 'Sapiente fuga ea dolor qui accusamus nostrum.', 3, '2020-12-24', 'Qui neque enim eum magnam omnis. Dolorem repudiandae mollitia eveniet aspernatur maiores voluptatem. Est quia voluptatem voluptatem blanditiis enim ipsum atque. Sed quo non ipsa dignissimos. Exercitationem quaerat voluptates nam veritatis est sint laboriosam maiores. Atque fugiat qui incidunt nihil autem expedita. Eius iure est unde eveniet id. Dicta placeat vel quas labore est nobis. Ex repellat saepe officia repellendus sint ullam voluptates. Rerum voluptas magnam sint tempore. Et illum facere et commodi in amet quam nam. Numquam totam quis quibusdam sit ullam magnam et. Itaque nemo rerum repellendus soluta officia quo. Sed excepturi doloribus incidunt aliquid sed autem et delectus. Distinctio deleniti officia maiores non provident mollitia facilis. Sed voluptatem officiis inventore qui sed. Culpa veritatis doloremque aliquid repellendus minima incidunt facilis nulla. Nulla explicabo sint rerum nemo et. Iusto et et facilis porro. Qui quia aliquid ea non quia. Deserunt veniam quae aut et non nobis. Optio velit est porro veritatis libero. Odio repellat vel accusamus optio dolore animi necessitatibus. Soluta nihil animi sit ea voluptate.', 'https://www.lavanguardia.com/r/GODO/LV/p7/WebSite/2020/11/10/Recortada/EuropaPress_3414464_presidente_gobierno_pedro_sanchez_interviene_acto_presentacion_plan_recuperacion_20201105140527-kV7D-U49361158425yYF-992x558@LaVanguardia-Web.jpg', 1, '2020-12-23 19:29:38', '2020-12-23 19:29:38'),
(26, 'Eaque qui consequatur ratione laborum itaque.', 1, '2020-12-22', 'Temporibus sed ullam ducimus nulla et. Illum rerum ipsam sunt sint. Veniam aut quae in voluptatum. Nostrum ipsam quis neque. Officia quo quia enim molestiae perferendis dolorem. Harum nihil nesciunt vel debitis perferendis explicabo quia. Impedit doloremque in sunt quia itaque et culpa ex. Voluptas illum dolore et rerum et et molestiae. Est deleniti magni ipsa voluptas. Et praesentium earum et autem consequuntur dolores. Sapiente ut dicta qui qui suscipit possimus maxime. Repudiandae voluptatem cumque quos dolorem optio. Laborum et suscipit molestias necessitatibus inventore. Fugit beatae quod iure iste enim. Officia expedita libero eos consequuntur consequatur minima et. Ut rem eos ullam praesentium sit. Quis et quia sunt voluptatum optio esse. Porro eligendi dolores numquam non qui accusantium provident. Nulla sit qui voluptatem. Beatae omnis neque ullam ipsam possimus omnis dolor. Blanditiis debitis dolor dicta praesentium dolorum. Quas cum aut est aliquid qui sed. Reprehenderit molestiae aut accusantium et qui.', 'https://www.lavanguardia.com/r/GODO/LV/p7/WebSite/2020/11/10/Recortada/20201110-637406096580094420_20201110132028-kQFD-U49386554113lpD-992x558@LaVanguardia-Web.jpg', 1, '2020-12-23 19:29:38', '2020-12-23 19:29:38'),
(27, 'Voluptas culpa animi id quod sed.', 2, '2020-12-24', 'Pariatur eum aspernatur maiores dolorum pariatur exercitationem ut. Quae id sit iste quaerat exercitationem illum. Suscipit sint ex mollitia neque rerum odit enim. Quod ea rem vel enim. Deleniti saepe corrupti voluptates illum ipsam. Ea inventore laborum error ex aut nostrum. Beatae impedit aut itaque accusamus. Quas alias delectus omnis saepe et inventore. Est eum iusto tempora accusantium qui aliquid. Repudiandae quas harum alias quia vel in. Voluptatem et ut maxime accusamus consequatur autem eveniet. Et quos qui quisquam est dolore magni nostrum. Repellat possimus et et beatae asperiores quo nihil. Quos optio nam tempore excepturi qui qui. Suscipit ex molestiae quisquam sapiente. Unde beatae est consequatur voluptatem. Ratione hic vitae sed facere incidunt neque. Modi error vero neque id fugit corporis nesciunt et. Maiores tempore molestiae eos hic et.', 'https://www.lavanguardia.com/r/GODO/LV/p7/WebSite/2020/11/10/Recortada/EuropaPress_3422304_valores_ibex_35_bolsa_madrid_espana_10_noviembre_2020_ibex_35_iniciado_sesion_20201110102031-khKG-U49384605019jcC-992x558@LaVanguardia-Web.jpg', 1, '2020-12-23 19:29:38', '2020-12-23 19:29:38'),
(28, 'Sunt et ad voluptas doloribus.', 3, '2020-12-23', 'Qui voluptatem error necessitatibus unde. Assumenda cum exercitationem quo perferendis. Aut et odio quis omnis laudantium. Fugit facilis dicta porro quo perspiciatis est illo. Quam placeat laudantium eligendi repellat a. Aperiam tenetur aut dolore tempora placeat iste facere quis. Sed soluta eum et. Odio ut ut eius repellendus deserunt. Error ipsa nulla nisi sed dolor autem vitae. Dolores eligendi et vel. Commodi natus dignissimos iusto aperiam sed in. Unde nobis quia cum corrupti. Et exercitationem nihil et libero sint et rerum vel. Fugit accusantium ut et magnam repellendus sapiente tenetur. Officiis sint aliquid rerum exercitationem minus rerum unde. Doloremque odio at dignissimos ex consequatur dolores. Inventore est qui veritatis aut inventore quis. Eum nobis aut accusamus sunt est. Perspiciatis quaerat iusto et. Modi sed aut accusantium qui. Eos recusandae expedita dolore voluptates qui quaerat.', 'https://www.lavanguardia.com/r/GODO/LV/p7/WebSite/2020/11/10/Recortada/20201110-637406096580094420_20201110132028-kQFD-U49386554113lpD-992x558@LaVanguardia-Web.jpg', 2, '2020-12-23 19:29:38', '2020-12-23 19:29:38'),
(29, 'Incidunt dolor velit facilis molestiae maiores accusamus non.', 2, '2020-12-24', 'Et qui est qui quisquam perspiciatis laboriosam. Inventore placeat dolor alias dolores minus. In eum aut eum quis explicabo voluptate. Dignissimos est deserunt ad non exercitationem dignissimos aperiam cum. Et voluptatem a sequi perferendis id occaecati consequatur non. Consequatur sint dolores cum sint aut. Omnis aut voluptatem quod id ut animi. Sit consequatur veritatis ipsam voluptas sequi iusto alias. Ratione reprehenderit ut dolorem quia quia et aut illo. Exercitationem iure ea quasi provident dicta. Et corrupti sit voluptatem eos. Aspernatur necessitatibus porro hic est et repellendus culpa tempora. Atque et odit qui omnis perspiciatis aliquid. Exercitationem repellat quaerat sequi amet. Et assumenda ab amet qui ex similique quaerat voluptatem. Reiciendis ea eligendi fugit omnis aut natus maiores molestiae. Sequi dolor cupiditate hic. Et aliquid illum quo facere voluptatem numquam. Omnis nesciunt laboriosam rem similique. Id commodi assumenda occaecati nisi voluptates. Aspernatur ea sint eaque fuga. Nesciunt rerum non beatae.', 'https://www.lavanguardia.com/r/GODO/LV/p7/WebSite/2020/11/10/Recortada/EuropaPress_3422304_valores_ibex_35_bolsa_madrid_espana_10_noviembre_2020_ibex_35_iniciado_sesion_20201110102031-khKG-U49384605019jcC-992x558@LaVanguardia-Web.jpg', 1, '2020-12-23 19:29:38', '2020-12-23 19:29:38'),
(30, 'Ipsam dolor vero id enim facere quia expedita.', 4, '2020-12-24', 'Dolor assumenda doloremque pariatur qui magni dignissimos. Non et et eos quis sit sunt eius. Est id suscipit similique architecto aut. Et qui quia asperiores asperiores ex minima. Sint tenetur quam sapiente vero qui iure. Omnis tenetur nobis eum dolores vel. Facere quia incidunt rem recusandae inventore sapiente. Non distinctio aperiam nesciunt omnis harum fugit. Dolore eligendi voluptas assumenda eos. Repellat adipisci fugit id. Voluptatem quis reprehenderit optio aut sint et. Commodi ratione pariatur odit aut. Blanditiis officia blanditiis quo modi porro eum. Quis aliquid eum dolore pariatur incidunt. Sit voluptas nostrum sit eum recusandae culpa natus quisquam. Recusandae iusto aut labore est eum omnis rerum ea. Aspernatur et eum qui necessitatibus porro. Dolores quis dolor voluptatibus veritatis ut laborum. Sapiente dolores deserunt itaque doloribus labore temporibus.', 'https://www.lavanguardia.com/r/GODO/LV/p7/WebSite/2020/11/10/Recortada/20201110-637406096580094420_20201110132028-kQFD-U49386554113lpD-992x558@LaVanguardia-Web.jpg', 1, '2020-12-23 19:29:38', '2020-12-23 19:29:38'),
(31, 'Distinctio quasi eius accusamus blanditiis.', 2, '2020-12-24', 'Eius et quia ipsam molestias molestiae rem maiores cumque. Vero fugiat odio et quas laborum mollitia. Eligendi quod repellendus modi dolorem. Ad numquam et unde numquam id. Asperiores rem officiis in cum rerum dolores odio est. Voluptatem sed est voluptatem autem et molestiae. Dolore adipisci in reiciendis possimus aut animi. Reiciendis rerum magnam omnis modi id qui animi. Aliquam rerum sint occaecati ex. Ut voluptatem porro possimus velit est dolor neque excepturi. Aliquid ipsam quo similique. Ut aut quibusdam repudiandae quisquam et. Itaque commodi aspernatur ea ipsum consequuntur. Vel blanditiis sint ut id porro quo eaque. Ab ut autem et est. Iste doloribus recusandae pariatur recusandae ipsum sint non. Eaque id qui reiciendis. Et consequatur saepe sit sint voluptatem aut laudantium. Quam nisi consequatur ab illum porro omnis itaque. Perferendis aut quos omnis mollitia omnis mollitia. Cum perferendis dolorem veritatis et quia cum. Voluptate qui aliquid qui optio ipsa corporis.', 'https://www.lavanguardia.com/r/GODO/LV/p7/WebSite/2020/11/10/Recortada/EuropaPress_3419052_rey_felipe_vi_junto_representantes_colectividad_espanola_visita_bolivia_asistir_20201108120544-kIrE-XN6VE48MJ1AOC75C-992x558@LaVanguardia-Web.jpg', 2, '2020-12-23 19:29:38', '2020-12-23 19:29:38'),
(32, 'Dignissimos enim ullam perspiciatis non suscipit quod dolore.', 2, '2020-12-22', 'Velit natus quidem aut blanditiis voluptatibus eum facere. Porro quia sint et nulla et fuga quidem. Fuga qui error aperiam voluptatem et ab ratione. Excepturi impedit vero ipsum dolorum est repudiandae. Voluptas nihil qui animi vel. Dolore dignissimos maiores explicabo explicabo dolorem provident. Ut perspiciatis illum ut quia aut sapiente. Repudiandae quia quos distinctio atque voluptate voluptas sed. Nulla libero consequuntur soluta voluptatem. Voluptatem ut vero aut est nobis. Quam est nulla nobis. Iusto atque et quia odit ut. Voluptatem sed fuga quisquam dicta. Est omnis minima ea rem laudantium cupiditate. Ut commodi unde rerum sit. Rerum aut et repudiandae tempore neque inventore. Facere eveniet pariatur vel cupiditate sunt nisi. Occaecati fuga deleniti ullam autem. Accusantium sapiente nihil magnam officia reiciendis. In quod omnis nobis officiis eaque. Quia neque quia corporis quibusdam dolorem.', 'https://www.lavanguardia.com/r/GODO/LV/p7/WebSite/2020/11/10/Recortada/20201110-637406096580094420_20201110132028-kQFD-U49386554113lpD-992x558@LaVanguardia-Web.jpg', 2, '2020-12-23 19:29:38', '2020-12-23 19:29:38'),
(33, 'Quisquam numquam voluptas voluptatem odio.', 1, '2020-12-23', 'Pariatur enim ut omnis ut. Voluptatum vel facere et quasi facilis qui. Et non magnam occaecati dolorem. Officiis fuga et officia. Commodi repellat deleniti ratione maxime ut dolor. Enim quas quibusdam pariatur officia. Voluptate et laudantium et in provident. Suscipit ducimus ut doloremque dolorem adipisci est suscipit. Dicta iure in amet iste iure cum. Et et eum reprehenderit id accusantium. Et omnis repellendus nam autem in velit quia. Animi possimus id quidem similique qui. Earum id dolor minima dolore. Voluptas ex minima qui sit. Voluptates rerum in quaerat expedita reprehenderit nam. Nihil facere assumenda consequatur ut et enim occaecati. Ut pariatur eius et explicabo et nam vel. Quisquam ut cumque est ipsa pariatur rerum ab. Libero eos corrupti voluptatem et non amet. Porro laborum omnis qui. Necessitatibus voluptatem magnam perspiciatis suscipit consequatur rem doloremque. Ex veritatis et autem eum. Rerum occaecati modi aut deleniti ea quod. Vel minus illum natus cumque facilis voluptatem recusandae. Mollitia voluptas fugit voluptatem officiis quis. Officiis consequatur perspiciatis animi dolorem hic provident aut.', 'https://www.lavanguardia.com/r/GODO/LV/p7/WebSite/2020/11/10/Recortada/EuropaPress_3414464_presidente_gobierno_pedro_sanchez_interviene_acto_presentacion_plan_recuperacion_20201105140527-kV7D-U49361158425yYF-992x558@LaVanguardia-Web.jpg', 1, '2020-12-23 19:29:38', '2020-12-23 19:29:38'),
(34, 'Accusamus facere et placeat earum dicta laborum ut.', 2, '2020-12-25', 'Et aut maxime molestiae magni qui aut accusantium. Atque et sunt aliquam officia sed debitis recusandae. Esse nam non expedita eligendi non omnis temporibus. Odit molestiae assumenda nihil natus magni necessitatibus inventore. Vitae in est explicabo neque repudiandae alias. Voluptatibus id aliquam perferendis nihil accusantium praesentium. Eius maxime nostrum libero cum eaque nesciunt. Ducimus incidunt eos expedita ad porro placeat ut unde. Quasi eius et accusantium rerum id dolor saepe. Nihil officiis aspernatur iste itaque. Iure eum maiores et. Magni a cum quia aut labore. Sunt repudiandae qui hic voluptate nobis ratione impedit. Sit dolores repellendus ea veniam omnis aperiam et placeat. Quibusdam sit tempore quasi dignissimos ullam deleniti repudiandae eum. Veniam qui aspernatur voluptas quam distinctio. Quaerat quaerat atque illum et recusandae. Quibusdam vel non eaque impedit quis aut consequatur.', 'https://www.lavanguardia.com/r/GODO/LV/p7/WebSite/2020/11/10/Recortada/EuropaPress_3419052_rey_felipe_vi_junto_representantes_colectividad_espanola_visita_bolivia_asistir_20201108120544-kIrE-XN6VE48MJ1AOC75C-992x558@LaVanguardia-Web.jpg', 2, '2020-12-23 19:29:38', '2020-12-23 19:29:38'),
(35, 'Quia quasi sit similique sed hic autem.', 2, '2020-12-22', 'Expedita qui iusto ad nostrum illum. Dolorem perspiciatis qui officia qui similique voluptatem. Debitis qui exercitationem voluptates recusandae soluta. Et inventore sunt at. Accusamus natus eligendi quod qui. Rerum ut debitis eos. Incidunt sed voluptatum ad quas animi unde ipsam. Non et nemo beatae facere repudiandae deserunt. Alias tenetur ut facere voluptatem sequi repudiandae placeat. Ex dignissimos doloremque et laboriosam deserunt aut. Officiis ea recusandae esse enim quos. Quam porro ad quod beatae laboriosam velit quasi. Est vero qui est ipsum. Cumque cumque nemo vero. Facere quod culpa maiores magnam quos.', 'https://www.lavanguardia.com/r/GODO/LV/p7/WebSite/2020/11/10/Recortada/EuropaPress_3419052_rey_felipe_vi_junto_representantes_colectividad_espanola_visita_bolivia_asistir_20201108120544-kIrE-XN6VE48MJ1AOC75C-992x558@LaVanguardia-Web.jpg', 1, '2020-12-23 19:29:38', '2020-12-23 19:29:38'),
(36, 'Sit voluptas est temporibus non.', 2, '2020-12-24', 'Reprehenderit voluptates nobis asperiores enim. Sint dolores odio itaque qui et. Assumenda voluptatum sit beatae. Voluptate nesciunt dolorem quis et. Tenetur provident totam repellendus. Magnam veritatis voluptas voluptas eveniet voluptas sit. Est ut commodi minima similique unde nihil. Labore libero ducimus ut repudiandae quasi vero. Ipsa nihil assumenda id qui. Optio quibusdam et omnis et. Sapiente fugiat est officiis enim sit alias. Nam enim illum maiores est perspiciatis. Dolorem enim dignissimos aut autem. Ratione consequatur sunt nam nisi mollitia qui saepe. Dolorem temporibus placeat dolores suscipit. Doloribus tempora adipisci dolores dolores. Nemo quia aut quia deserunt ipsam et. Aut sit aut reiciendis voluptas veniam inventore possimus voluptate. Consequatur voluptatem possimus ut et laudantium accusantium. Ea ab aut similique. Recusandae dolorem quibusdam quibusdam. Tenetur voluptatem tempore exercitationem rem magni. Voluptatum sapiente provident laudantium ad fugit rerum. Autem sed culpa molestias quo et quasi sint.', 'https://www.lavanguardia.com/r/GODO/LV/p7/WebSite/2020/11/10/Recortada/EuropaPress_3419052_rey_felipe_vi_junto_representantes_colectividad_espanola_visita_bolivia_asistir_20201108120544-kIrE-XN6VE48MJ1AOC75C-992x558@LaVanguardia-Web.jpg', 2, '2020-12-23 19:29:38', '2020-12-23 19:29:38'),
(37, 'Suscipit nulla repellendus ut dolorem repellat est.', 2, '2020-12-25', 'Quod commodi consequatur earum similique dolores. Nihil voluptas natus distinctio aut alias. Reprehenderit a fugiat et exercitationem quo eos. Modi tempore neque deleniti facere omnis autem pariatur a. Sed animi ea dicta est consequuntur. Odio suscipit id molestiae. Beatae magni amet ratione aut. Consectetur voluptatem alias magni adipisci quis nulla non. Est tempore in consequuntur eum. Aliquid ut quia occaecati ex nostrum. Est in nam velit natus velit qui. Vel fugiat consequatur qui maiores nam reprehenderit. Officia autem nobis at impedit esse dolores. Molestiae voluptas tempore aperiam aliquid blanditiis. Non amet rem in et optio aut non magnam. Alias nostrum ipsa repellat sunt dolore quia. Cupiditate sequi perspiciatis laboriosam autem omnis est. Incidunt deserunt consequuntur consequatur.', 'https://www.lavanguardia.com/r/GODO/LV/p7/WebSite/2020/11/10/Recortada/20201110-637406096580094420_20201110132028-kQFD-U49386554113lpD-992x558@LaVanguardia-Web.jpg', 2, '2020-12-23 19:29:38', '2020-12-23 19:29:38'),
(38, 'Ad odit architecto quas nesciunt itaque.', 1, '2020-12-23', 'Beatae dignissimos ut recusandae voluptatem recusandae. Officia atque alias laborum inventore libero. Voluptatum optio exercitationem corrupti autem id illum. Vero expedita est blanditiis vitae praesentium in. Eum quam eum et natus. Sed est vitae et saepe nesciunt. Officia qui odio quibusdam saepe. Placeat quia repudiandae ut commodi porro. Vero voluptate vitae laborum iure aspernatur beatae qui reprehenderit. In voluptate voluptates consequatur architecto. Dolorem provident eos quaerat corporis quasi ratione. Voluptas magnam autem eius unde aut. Dolorem nisi et provident laudantium quia. Autem qui nostrum quis iusto nulla voluptatem quisquam. Omnis et rerum officia iusto et neque sed.', 'https://www.lavanguardia.com/r/GODO/LV/p7/WebSite/2020/11/10/Recortada/EuropaPress_3419052_rey_felipe_vi_junto_representantes_colectividad_espanola_visita_bolivia_asistir_20201108120544-kIrE-XN6VE48MJ1AOC75C-992x558@LaVanguardia-Web.jpg', 1, '2020-12-23 19:29:38', '2020-12-23 19:29:38'),
(39, 'Dolores ad et accusantium.', 4, '2020-12-24', 'Pariatur autem et et excepturi laborum omnis blanditiis. Quia sint voluptatem et voluptatum ut et. Vel sunt recusandae adipisci consectetur laboriosam dolor cupiditate corporis. Quia tenetur ea sed corrupti vitae porro. Odit qui consequatur voluptas possimus rerum inventore. Quia enim dignissimos laboriosam. Tempore ab ut dolor adipisci. Maxime ut aut provident odio. Vero id consequuntur odio accusamus dolorem illo. Corrupti iusto sequi ut necessitatibus neque. Veritatis cumque ab dolor eos debitis dolor quia aut. Id provident delectus quod neque dolore rerum voluptatibus. Atque rerum quam voluptates eos reprehenderit laudantium maiores. Illo porro dolor voluptas amet. Possimus debitis reprehenderit eius culpa. Cumque facilis est iste est enim rerum voluptatem. Fugiat autem quia sed voluptatibus quia. Cupiditate eveniet aliquam nulla. Voluptatem nesciunt illo doloribus autem. Excepturi sed vel sunt. Qui numquam nemo asperiores quos error et. Omnis dolorem voluptate aperiam dolor natus aut culpa. Ipsum et quia perspiciatis fugit sit soluta. Ea sunt et ea eos. Voluptatem qui sequi ut praesentium sed. Ut recusandae rerum ratione repellat.', 'https://www.lavanguardia.com/r/GODO/LV/p7/WebSite/2020/11/10/Recortada/EuropaPress_3414464_presidente_gobierno_pedro_sanchez_interviene_acto_presentacion_plan_recuperacion_20201105140527-kV7D-U49361158425yYF-992x558@LaVanguardia-Web.jpg', 2, '2020-12-23 19:29:38', '2020-12-23 19:29:38');
INSERT INTO `noticias` (`id`, `titulo`, `autor_id`, `fecha_publicacion`, `contenido`, `url`, `categoria_id`, `created_at`, `updated_at`) VALUES
(40, 'Eligendi id quia enim aut quia qui.', 1, '2020-12-25', 'Magnam maiores officia velit mollitia vel. Minus debitis labore sed voluptatem praesentium. Possimus temporibus sint dolorem sequi. Sapiente aliquam optio iste excepturi aut excepturi rerum natus. Quia quasi quibusdam dolores nesciunt aperiam excepturi et. Autem est aut ab et nesciunt sit. Nihil voluptatem eius praesentium consequatur alias ut. Accusamus explicabo iure magnam optio. Qui id autem ut omnis. Vel enim aut quidem repellat id. Et quis non praesentium dolorem. Accusantium quisquam molestiae et incidunt quia soluta ea. Ea sequi qui reprehenderit eligendi sit. Rerum atque quos doloremque rerum. Qui aut aut occaecati ullam molestiae. Voluptatum iste quis dolor vel eum error ducimus. Sed qui velit quis possimus. Magni autem sed temporibus quo rerum minus facere. Sequi omnis officiis enim reprehenderit nisi nemo. Sequi et est rerum esse ducimus. Sunt dignissimos quibusdam architecto voluptatem esse eaque ut. Et distinctio eligendi quod eaque corporis facere sint.', 'https://www.lavanguardia.com/r/GODO/LV/p7/WebSite/2020/11/10/Recortada/EuropaPress_3414464_presidente_gobierno_pedro_sanchez_interviene_acto_presentacion_plan_recuperacion_20201105140527-kV7D-U49361158425yYF-992x558@LaVanguardia-Web.jpg', 2, '2020-12-23 19:29:38', '2020-12-23 19:29:38'),
(41, 'Incidunt rerum repellendus soluta vel voluptatem ut odit tempore.', 2, '2020-12-21', 'Rem voluptatem aliquam quibusdam omnis. Inventore ea dignissimos quo pariatur quia quae adipisci. In magnam quae voluptas culpa distinctio nostrum sint. Aspernatur exercitationem ex temporibus ipsam perspiciatis numquam. Temporibus laboriosam omnis et. Sint consequatur dolore quia quam placeat iste. Sit sapiente facilis est maiores eaque qui porro. Voluptate perspiciatis ipsum eum. Sapiente delectus et accusantium. Aut eos maiores occaecati rem praesentium quisquam sed. Temporibus consequatur enim cumque sint quia. Cupiditate alias aut enim quisquam esse quia vel. Omnis aliquam esse atque et quisquam voluptatem. Harum sed esse est illum possimus sed. Et voluptatum laborum ipsa. Iste dicta voluptatem odio quibusdam. Possimus totam aliquid ut sunt id. Cupiditate assumenda mollitia ex laudantium hic. Sit nisi nihil quo odit sunt modi. Rem illo et sint ex rerum impedit. Nobis velit error ea sed assumenda aliquid.', 'https://www.lavanguardia.com/r/GODO/LV/p7/WebSite/2020/11/10/Recortada/EuropaPress_3419052_rey_felipe_vi_junto_representantes_colectividad_espanola_visita_bolivia_asistir_20201108120544-kIrE-XN6VE48MJ1AOC75C-992x558@LaVanguardia-Web.jpg', 2, '2020-12-23 19:29:38', '2020-12-23 19:29:38'),
(42, 'Dolores quis inventore suscipit.', 4, '2020-12-24', 'Illo reiciendis ut saepe ut inventore magnam impedit. Quis qui veritatis rerum et excepturi pariatur eius. Quibusdam dolorem iste beatae ut. Velit corporis consectetur deleniti explicabo necessitatibus veniam vero aut. Ut voluptatibus id reprehenderit occaecati commodi odit esse laudantium. Aliquam neque adipisci sed sed quisquam. Et sit inventore necessitatibus eum nostrum aliquid maxime unde. Non a quaerat alias ad ab nostrum. Necessitatibus ex reprehenderit mollitia explicabo et tenetur. Totam aut eum iste sint reiciendis. Maiores similique tenetur consequatur iusto. Consequuntur dignissimos doloremque veritatis. Magni animi porro facere reprehenderit in eos. Deleniti quos eveniet repellat possimus voluptas. Occaecati aliquid rerum similique amet et quos est. Quasi neque provident numquam ipsam. Eos minima enim autem corporis eos labore laboriosam.', 'https://www.lavanguardia.com/r/GODO/LV/p7/WebSite/2020/11/10/Recortada/EuropaPress_3419052_rey_felipe_vi_junto_representantes_colectividad_espanola_visita_bolivia_asistir_20201108120544-kIrE-XN6VE48MJ1AOC75C-992x558@LaVanguardia-Web.jpg', 2, '2020-12-23 19:29:38', '2020-12-23 19:29:38'),
(43, 'Dicta aperiam hic earum soluta doloribus eaque.', 3, '2020-12-22', 'Voluptate unde ut autem. Et qui ipsum architecto fuga magnam et tempore aut. Excepturi earum incidunt perspiciatis et. Dicta iusto ab qui natus nemo autem quia. Esse eum cumque doloremque tempora est sed. In voluptas nam quas nam. Et eligendi fugiat ut beatae architecto facilis unde quasi. Unde labore vel qui animi recusandae. Et recusandae atque totam explicabo numquam. Accusamus fugiat quibusdam quo est. Omnis et sit ut vel cum corrupti. Omnis qui ea impedit. Commodi ipsam labore accusamus. Laboriosam aliquam voluptatem fugit. Voluptate consequatur et ullam dolorem. Mollitia ut porro iste quisquam. Quis blanditiis quia dolore et at ut. Consequuntur similique natus soluta ratione aut temporibus itaque. Ea praesentium et omnis id aut excepturi rerum odit. Quo reprehenderit beatae distinctio modi harum. Velit illo soluta consequatur. Illo cumque quia eaque nihil blanditiis necessitatibus aut. Non fugit ipsam velit voluptatem sint. Ab aut temporibus repellendus magni qui culpa. Soluta sit assumenda perferendis minus.', 'https://www.lavanguardia.com/r/GODO/LV/p7/WebSite/2020/11/10/Recortada/20201110-637406096580094420_20201110132028-kQFD-U49386554113lpD-992x558@LaVanguardia-Web.jpg', 2, '2020-12-23 19:29:38', '2020-12-23 19:29:38'),
(44, 'Impedit architecto doloremque impedit quos velit tempore et minus.', 3, '2020-12-23', 'Rerum reiciendis vitae ut nesciunt modi. Sint laborum itaque temporibus commodi neque cupiditate. Consequatur sit quia ullam in eum et. Harum ut autem et optio dolor voluptatum est. Rerum libero consequatur dolorem quibusdam sunt sed rerum. Facere consectetur rerum ut voluptates sapiente unde. Fugit dolores delectus minima facilis eveniet qui. Et sapiente perferendis laboriosam rerum facilis blanditiis beatae voluptatibus. Reprehenderit et dolorum non ut amet. Molestias et aliquid rerum et. Accusamus aperiam sunt praesentium et. Necessitatibus molestiae expedita sit in reprehenderit accusantium. Voluptas voluptatem dolor quo mollitia deserunt. Fuga voluptas necessitatibus asperiores beatae dolores. Rerum amet aut veniam. Praesentium neque minima incidunt quae quas. Eum cupiditate ratione aliquid consequatur. Sequi eum commodi id minima et odio distinctio ipsa. Commodi adipisci ratione distinctio at eveniet.', 'https://www.lavanguardia.com/r/GODO/LV/p7/WebSite/2020/11/10/Recortada/EuropaPress_3422304_valores_ibex_35_bolsa_madrid_espana_10_noviembre_2020_ibex_35_iniciado_sesion_20201110102031-khKG-U49384605019jcC-992x558@LaVanguardia-Web.jpg', 1, '2020-12-23 19:29:38', '2020-12-23 19:29:38'),
(45, 'Quia itaque voluptatibus minus sint dolorem magnam facere.', 1, '2020-12-25', 'Qui voluptatum quia culpa temporibus sit nemo optio error. Alias deserunt eos minima autem beatae. Porro eveniet ut impedit provident rem omnis explicabo. Dolorem rerum incidunt voluptatibus dolorem. Reprehenderit velit voluptatem enim repudiandae. Autem praesentium sit atque omnis expedita iusto. Culpa omnis voluptas fuga quas iusto dolorum beatae libero. Repellat nihil ab possimus ut sequi. Et ea quam maiores incidunt aut aut nesciunt. Illo vitae ut vel occaecati. Quasi enim a cum veritatis fugit perferendis perferendis error. Soluta nihil ratione in quaerat autem ut nihil. Amet optio id error eveniet delectus. Iste numquam tenetur et quis. Quo sed quo incidunt libero quisquam illum officia.', 'https://www.lavanguardia.com/r/GODO/LV/p7/WebSite/2020/11/10/Recortada/20201110-637406096580094420_20201110132028-kQFD-U49386554113lpD-992x558@LaVanguardia-Web.jpg', 1, '2020-12-23 19:29:38', '2020-12-23 19:29:38'),
(46, 'Hic sed delectus magni ducimus incidunt ut.', 1, '2020-12-24', 'Amet vitae dolores est. Animi et quia fuga officiis quas in maxime nihil. Illum non velit tempore ullam. Cumque dolorem ratione earum ea. Quasi voluptas cum a. Voluptates tenetur asperiores qui voluptatem et ut. Illo minima ut corrupti officiis. Quam expedita est quod omnis distinctio sunt omnis. Aut dicta sunt quo rerum quo et. Iure placeat perferendis officiis cumque possimus expedita. Ex ex reprehenderit numquam atque commodi ratione. Eos explicabo deserunt maxime pariatur vitae. Qui odio error animi enim in fugiat impedit. Tempora est delectus ut dolor quia libero. Autem nostrum facilis dolor aliquid soluta culpa non aliquam. Qui ex id asperiores nesciunt id ut repudiandae.', 'https://www.lavanguardia.com/r/GODO/LV/p7/WebSite/2020/11/10/Recortada/EuropaPress_3422304_valores_ibex_35_bolsa_madrid_espana_10_noviembre_2020_ibex_35_iniciado_sesion_20201110102031-khKG-U49384605019jcC-992x558@LaVanguardia-Web.jpg', 2, '2020-12-23 19:29:38', '2020-12-23 19:29:38'),
(47, 'Doloremque consequatur voluptatem est sit exercitationem.', 1, '2020-12-24', 'Ut repellat amet ea animi atque iusto. Provident quibusdam vel quaerat aliquid facere accusantium libero quo. Voluptates sit ut explicabo illo. Eius eligendi deleniti velit sunt odit et vero minima. Officia qui autem odio adipisci quia minima ea necessitatibus. Non cupiditate velit et possimus perspiciatis expedita. Inventore pariatur eveniet suscipit minus atque expedita vitae. Sit eaque voluptas maxime excepturi aperiam totam. Ut accusamus porro animi nihil error aut maxime. Mollitia optio blanditiis blanditiis. Amet maiores corporis expedita. Voluptates enim error tempore culpa quae fugiat. Voluptatem atque et quod. Provident sunt earum vel molestiae quas cum eligendi. Nostrum sit labore enim dolorem et. Et odit blanditiis numquam nam at dignissimos. Optio aspernatur autem corporis eum voluptatem facere tempora. Vel velit pariatur veniam officiis est accusantium. Ea aliquam repellendus unde quaerat sapiente reiciendis asperiores. Sit et totam corporis architecto nihil quia. Et qui placeat quam vitae reiciendis libero. Placeat harum voluptas delectus quia. Molestiae dolor nisi vitae autem dolores. Est ut dolorem quisquam et nisi quasi.', 'https://www.lavanguardia.com/r/GODO/LV/p7/WebSite/2020/11/10/Recortada/EuropaPress_3419052_rey_felipe_vi_junto_representantes_colectividad_espanola_visita_bolivia_asistir_20201108120544-kIrE-XN6VE48MJ1AOC75C-992x558@LaVanguardia-Web.jpg', 2, '2020-12-23 19:29:38', '2020-12-23 19:29:38'),
(48, 'Doloremque facere omnis et et quae iste autem.', 3, '2020-12-21', 'Quasi quia occaecati aut voluptas est architecto. Ratione suscipit ut commodi nihil atque molestiae. Quo quaerat eius quis voluptates. Et eius in dolor aut mollitia. Cumque deserunt natus molestias. Numquam magni magni tempora eos eligendi. Aut iusto dolores et occaecati delectus. Nam iste possimus optio earum eligendi ut et. Sit architecto officia asperiores rem. Molestiae eveniet voluptas provident eligendi rerum dolorem est. Molestiae totam ut voluptatem velit et omnis et minus. Autem ad est saepe et quidem et. Sit dolorem non expedita natus. Provident rerum dolores ut et quia id. Libero ut voluptas harum quis soluta. Unde ratione et eum voluptatum sed. Provident occaecati et sequi ea enim suscipit. Reprehenderit neque autem asperiores est. Dolore atque architecto molestiae rem ut. Sit explicabo quos iure distinctio ut labore alias praesentium. Consectetur dicta tenetur officia est. Dolor id ut sed. Quis est voluptas consequatur quisquam autem maiores. Qui quia et in molestiae vel qui. Ut aliquam quia mollitia accusantium ut asperiores autem. Nobis dolore placeat soluta distinctio eius aut. Ut alias ex blanditiis voluptatibus alias recusandae rerum. Sit fugiat minima et molestiae.', 'https://www.lavanguardia.com/r/GODO/LV/p7/WebSite/2020/11/10/Recortada/20201110-637406096580094420_20201110132028-kQFD-U49386554113lpD-992x558@LaVanguardia-Web.jpg', 2, '2020-12-23 19:29:38', '2020-12-23 19:29:38'),
(49, 'Iure magnam fuga doloremque quidem.', 2, '2020-12-24', 'Minus est sunt qui suscipit. Quis quae iste et rerum. Quod temporibus suscipit aut et et ratione. Voluptatum fuga aut voluptatum sunt. Vero sunt qui aliquid velit cum qui modi voluptatem. Voluptas fugit molestiae non placeat. Voluptatibus dolor doloremque cum occaecati quam aliquam earum. At quia quidem dolorem non incidunt. Id beatae aut eligendi ut quae soluta voluptatum consequatur. Voluptatem ut dignissimos veniam earum ducimus odit. Et quia accusantium similique in ea harum praesentium. Vero nihil ipsam delectus omnis est voluptatem. Quasi voluptatum inventore optio enim sapiente. Fugiat nostrum fugit officia corrupti debitis blanditiis illo sed. Porro error molestiae ab vel non in. Et ut et consequatur aut facere quasi necessitatibus. Et rerum sit est adipisci aut. Consequatur optio incidunt sit architecto nesciunt. Et sed molestiae dolor quia.', 'https://www.lavanguardia.com/r/GODO/LV/p7/WebSite/2020/11/10/Recortada/EuropaPress_3422304_valores_ibex_35_bolsa_madrid_espana_10_noviembre_2020_ibex_35_iniciado_sesion_20201110102031-khKG-U49384605019jcC-992x558@LaVanguardia-Web.jpg', 1, '2020-12-23 19:29:38', '2020-12-23 19:29:38'),
(50, 'Aut praesentium aut totam qui dignissimos exercitationem suscipit culpa.', 4, '2020-12-24', 'Minus et iusto magnam commodi voluptatibus voluptas. Quia magnam repellendus sed et nulla et quis. Aut minus sit illo ut quis quia. Vel voluptates est libero. Veritatis qui sequi omnis. Tempora et quibusdam id iure dolorum et dolor. Eos deserunt quidem ab non suscipit aut magni aut. A qui ad laudantium quae laborum quasi cupiditate. Quo odit assumenda et omnis ipsum dignissimos. Eum ad culpa ad ipsa non dignissimos illum velit. Animi optio ad et perferendis ipsam tenetur fuga. Aut sit tempore et soluta saepe quasi officia. Explicabo rem in soluta animi fuga voluptatibus similique harum. Suscipit commodi suscipit debitis velit odio. Voluptatem et sed aspernatur recusandae. Quia magni et quas. Praesentium occaecati quia consectetur ab. Iusto saepe voluptatum fugiat voluptatem. Asperiores aut molestias dolor voluptas quam. Dolorem voluptatum voluptatum voluptatem doloremque nulla pariatur inventore. Non voluptatem voluptates perspiciatis eos quam aperiam ex ullam. Est excepturi sit officia. Veritatis laudantium eum officiis sit necessitatibus nihil porro. Aut ad inventore natus quo. Illo ratione consectetur doloribus voluptas omnis voluptatem in sequi. Non dolorem minus esse qui tempora.', 'https://www.lavanguardia.com/r/GODO/LV/p7/WebSite/2020/11/10/Recortada/20201110-637406096580094420_20201110132028-kQFD-U49386554113lpD-992x558@LaVanguardia-Web.jpg', 1, '2020-12-23 19:29:38', '2020-12-23 19:29:38'),
(51, 'Eos unde at est cumque dolore unde.', 2, '2020-12-23', 'Autem delectus non quia dolore. Vel sint dolores nisi voluptas quae neque beatae. Et aspernatur molestiae eligendi fugiat fuga sed. Suscipit at laboriosam ratione nobis. Perspiciatis corporis numquam exercitationem exercitationem similique. Architecto recusandae corrupti eos aut. Provident provident iste sed eum aspernatur. Eaque soluta magni rerum quia consectetur et voluptas. Voluptatem in voluptatum earum optio possimus. Fugiat quam dolores labore nihil. Qui fuga praesentium consequatur quidem id velit sed omnis. Nihil ratione vitae aut nihil sapiente. Amet iste temporibus enim explicabo. Reprehenderit eum est et et odit rerum. Sit veniam nihil et voluptatem vero impedit qui. Id architecto corrupti consequuntur at. Mollitia quasi ab aspernatur voluptatibus non est qui.', 'https://www.lavanguardia.com/r/GODO/LV/p7/WebSite/2020/11/10/Recortada/EuropaPress_3422304_valores_ibex_35_bolsa_madrid_espana_10_noviembre_2020_ibex_35_iniciado_sesion_20201110102031-khKG-U49384605019jcC-992x558@LaVanguardia-Web.jpg', 1, '2020-12-23 19:29:38', '2020-12-23 19:29:38'),
(52, 'Repellat libero vitae maxime assumenda non rerum culpa.', 3, '2020-12-25', 'Enim et ut ut ipsam explicabo officiis nobis qui. Sit et exercitationem animi et libero quod qui quis. Et possimus illum sed in. Sit deleniti ipsa soluta quidem. Aut minus nam deserunt est consequuntur repellat. Cum qui placeat qui in numquam fugiat porro beatae. Dolorem corrupti quia animi reprehenderit alias nostrum quos beatae. Doloremque in incidunt commodi veritatis ut nihil. Voluptatem recusandae optio consequatur voluptatibus nihil. Qui dolorem non vitae harum autem nihil. Ab eos error tempora et vitae. Et quas enim aut molestias. Quia magni est rem nisi perferendis provident.', 'https://www.lavanguardia.com/r/GODO/LV/p7/WebSite/2020/11/10/Recortada/EuropaPress_3414464_presidente_gobierno_pedro_sanchez_interviene_acto_presentacion_plan_recuperacion_20201105140527-kV7D-U49361158425yYF-992x558@LaVanguardia-Web.jpg', 1, '2020-12-23 19:29:38', '2020-12-23 19:29:38'),
(53, 'Modi enim et et et.', 3, '2020-12-25', 'Voluptatem magni sit sunt repudiandae. Optio quo nesciunt harum accusamus voluptas. Ullam et nobis sapiente alias molestiae. Saepe aliquam dolorum impedit cumque et est ipsa dolor. Iste debitis cupiditate iure a ratione voluptates. Eveniet aut ea similique fugiat voluptatibus vero nulla. Quis porro omnis incidunt facilis qui. Esse sit ut consequatur in sit quidem sequi. Quod explicabo et dolor dolor enim excepturi dolor esse. Dolores illo hic sed accusantium. Ex distinctio expedita qui quia blanditiis et. A dolores sit voluptatem incidunt veniam expedita. Expedita rerum similique architecto officia dolorem cupiditate. Quia eos numquam cumque sed. Voluptates quidem dolor incidunt eum ut quos libero. Ut nihil asperiores ut veniam dolor corrupti minima sed. Dolorum temporibus vitae mollitia illum fugit est. Repellendus voluptas quas ratione vitae. Voluptas eaque modi in asperiores perferendis sit voluptates. Similique est deserunt et at officia. Perferendis amet corporis rem et.', 'https://www.lavanguardia.com/r/GODO/LV/p7/WebSite/2020/11/10/Recortada/20201110-637406096580094420_20201110132028-kQFD-U49386554113lpD-992x558@LaVanguardia-Web.jpg', 2, '2020-12-23 19:29:38', '2020-12-23 19:29:38'),
(54, 'Ad incidunt repudiandae consequatur eaque quibusdam voluptas quisquam.', 3, '2020-12-22', 'Numquam laborum error ipsam. Cumque maiores quis expedita ea occaecati hic rerum. Ut voluptas rerum pariatur quo. Id reprehenderit molestiae non reiciendis. Officia dicta quo aperiam. Qui impedit officia omnis inventore enim. Ut totam esse accusantium quam. Delectus dolorem ut minima consequatur cupiditate qui deserunt ullam. Ducimus consectetur ut voluptatum explicabo dolorem quaerat quo aut. Eos voluptatum odit tempore. Suscipit quidem dolorum eum. Incidunt alias aspernatur sint laborum quas perspiciatis. Sed fugiat dolor dolores qui excepturi magni. Id sapiente officiis doloribus voluptas earum. A repellendus sit dolorem consequatur vero. Ab illo impedit nisi voluptatibus reprehenderit adipisci natus. Delectus nihil et doloribus.', 'https://www.lavanguardia.com/r/GODO/LV/p7/WebSite/2020/11/10/Recortada/EuropaPress_3419052_rey_felipe_vi_junto_representantes_colectividad_espanola_visita_bolivia_asistir_20201108120544-kIrE-XN6VE48MJ1AOC75C-992x558@LaVanguardia-Web.jpg', 1, '2020-12-23 19:29:38', '2020-12-23 19:29:38'),
(55, 'Tempora dolorem sit accusantium.', 3, '2020-12-23', 'Non enim ut id laudantium doloremque dolores et. Molestias quis aut qui est vel sunt rerum. Et sapiente porro voluptas esse saepe omnis laborum recusandae. Est mollitia rerum nihil sunt incidunt. Qui eveniet voluptatibus omnis rerum sequi corrupti. Eum qui blanditiis voluptatem modi. Quis nihil adipisci veniam sit. Quo molestias neque quis itaque consectetur vitae in. Facilis tempore facere qui vitae nihil. Molestias earum rerum tenetur error voluptatem non voluptate. Dolor labore perspiciatis doloremque maiores. Voluptate fugit molestias rerum voluptas ut. Explicabo ut praesentium fugiat odio. Ex totam quo illum inventore nihil est aut. Rerum harum in quas et et repellendus nam omnis. Illo totam omnis molestiae sunt odit eveniet. Quo facilis ipsam vel dicta non. Eum saepe veritatis asperiores quia. Ullam qui dolorem facere mollitia accusantium dolorem asperiores et. Voluptatem consequatur odio expedita eveniet quam voluptate id. Occaecati quis et iste assumenda vel in. Eos aut eos aut eligendi veritatis molestias. Magni itaque ipsa dicta qui exercitationem eaque fugiat.', 'https://www.lavanguardia.com/r/GODO/LV/p7/WebSite/2020/11/10/Recortada/EuropaPress_3419052_rey_felipe_vi_junto_representantes_colectividad_espanola_visita_bolivia_asistir_20201108120544-kIrE-XN6VE48MJ1AOC75C-992x558@LaVanguardia-Web.jpg', 1, '2020-12-23 19:29:38', '2020-12-23 19:29:38'),
(56, 'Odit ea excepturi rem neque praesentium.', 4, '2020-12-23', 'Architecto sit corrupti fuga perferendis. Blanditiis commodi unde reiciendis molestiae quae. Sit tempora magnam ea aut ad et dolores. Minima voluptates dolores est dolorem minima. Cum reiciendis ratione dolores rerum similique quas velit. Eos commodi est accusantium adipisci. Ut quia temporibus rerum cupiditate itaque. Vitae non impedit necessitatibus consectetur voluptas. Modi exercitationem possimus veritatis vel praesentium. Aut voluptatibus corporis est ut aut quidem. Est quod asperiores sed. Pariatur ullam accusantium quia et. Sint dolorum iste perspiciatis temporibus quia. Soluta sit non ab cum esse excepturi. Molestiae et quibusdam eligendi hic et qui culpa. Eius ipsa nisi iure nam corporis. Quis sit eligendi illo et non quis ea. Sunt nobis quis reiciendis et eligendi facere. Molestias perspiciatis modi nihil numquam dolor delectus. Minus eius autem inventore. Est quidem dolor quasi voluptatem autem perferendis. Nam et dolores ut sed voluptates. Aliquam et ipsa officia voluptatibus tempore. Minus sit ipsa fuga illum voluptatem reprehenderit qui placeat. Voluptatem porro hic corporis est corrupti unde.', 'https://www.lavanguardia.com/r/GODO/LV/p7/WebSite/2020/11/10/Recortada/20201110-637406096580094420_20201110132028-kQFD-U49386554113lpD-992x558@LaVanguardia-Web.jpg', 1, '2020-12-23 19:29:38', '2020-12-23 19:29:38'),
(57, 'Corporis ex eum nesciunt eum beatae maiores voluptas.', 2, '2020-12-24', 'Recusandae a ut est id voluptates. Minus excepturi necessitatibus nobis quasi molestiae distinctio rerum. Dolorum explicabo nesciunt porro omnis. Voluptatem autem sit rerum atque tenetur ipsa repellendus. Molestiae eius sunt rerum dolores sapiente aperiam possimus. Delectus aliquam odio est qui maxime. Et similique autem expedita vel. Aut reprehenderit quis sit adipisci. Quibusdam deserunt sed accusamus distinctio nisi dolore dolores. Incidunt distinctio quo dolores ad quia quae. Eligendi mollitia quibusdam deleniti. Est sit quo accusantium. Vel ducimus facilis commodi eos. Velit laudantium optio ullam aspernatur quas reprehenderit. Perferendis eos illum dolorum ex sequi eum enim quo. Dolore sed illo optio aut architecto quam. Deserunt aliquid fugiat minima omnis magni voluptatem. Quae voluptatum labore minus et perferendis. Ea quibusdam dolores aut ipsum dolorem. Id quia et in ex harum. Qui quis quia tenetur explicabo hic doloremque voluptas. Eius nobis et sapiente ut. Quos eaque molestiae quis. In adipisci animi sed molestiae quam aperiam. Dolores reprehenderit quam modi est est. Voluptas ut quo est et corporis eos aspernatur.', 'https://www.lavanguardia.com/r/GODO/LV/p7/WebSite/2020/11/10/Recortada/EuropaPress_3414464_presidente_gobierno_pedro_sanchez_interviene_acto_presentacion_plan_recuperacion_20201105140527-kV7D-U49361158425yYF-992x558@LaVanguardia-Web.jpg', 2, '2020-12-23 19:29:38', '2020-12-23 19:29:38'),
(58, 'Alias earum rerum et dolores nulla maiores facere.', 4, '2020-12-24', 'Doloremque beatae qui sunt quo quos qui. Natus aut illum qui. Blanditiis est fugiat similique illo ut. Aperiam dignissimos voluptatem temporibus rem et illo enim. Labore dignissimos corrupti ipsum dolores maiores id. Aspernatur aut nesciunt aut ut beatae rerum eaque quidem. Vel nesciunt ipsum temporibus. Et et ut quam commodi placeat. Aut iure eos sapiente culpa. Libero quam ea officiis porro placeat. Corrupti autem sit deserunt consequatur qui. Quis in ut harum illo aut ex culpa. Laboriosam dolores atque voluptatem illo quasi consequuntur qui. Et reiciendis quas aliquam id veritatis. Porro et aut neque aut dignissimos temporibus accusamus rem. Optio odit rem architecto est eius. Consequuntur unde a quas sed nam. Adipisci voluptas qui voluptates sapiente. Eum et quia saepe ut. Optio aut quo et nihil aut. Aut mollitia temporibus ut consequatur perferendis excepturi. Saepe impedit amet hic. Qui vero dolore corporis vero. Inventore repellendus sit omnis facere. Et unde eligendi recusandae nobis. Tempora distinctio quis ipsum. Dolore ratione molestiae eligendi.', 'https://www.lavanguardia.com/r/GODO/LV/p7/WebSite/2020/11/10/Recortada/EuropaPress_3419052_rey_felipe_vi_junto_representantes_colectividad_espanola_visita_bolivia_asistir_20201108120544-kIrE-XN6VE48MJ1AOC75C-992x558@LaVanguardia-Web.jpg', 2, '2020-12-23 19:29:38', '2020-12-23 19:29:38'),
(59, 'Quia et a veniam alias ea.', 3, '2020-12-24', 'Et dicta omnis et sunt aut. Quibusdam architecto possimus expedita eos ducimus. Eum iste aliquam sit rerum. Accusantium blanditiis quasi blanditiis perferendis. Optio beatae sed consectetur deserunt dolor. Nam unde mollitia qui quisquam. Ut quaerat ab repudiandae et ut dolorum praesentium. Libero aut est aliquid voluptatum. Velit dolores porro error ullam molestiae qui atque accusantium. Fugiat omnis officiis doloremque eos tenetur explicabo unde. Nam eum alias dignissimos placeat maxime odio. Qui alias debitis consequatur accusantium consequatur tempora amet. Hic quas nemo tempora sunt quia vel. Reiciendis hic aut est doloribus. Provident ratione cum dicta quia aliquid vel minima. Et iusto in minima illo quis. Minima non ipsum eum corrupti. Voluptatum molestiae impedit doloribus nesciunt ut animi quod. Perferendis provident voluptatem quibusdam. Veniam cumque adipisci vero accusamus. Deserunt non et amet reiciendis. Dolorum vitae ratione laborum odio et. Est quo culpa totam magnam assumenda. Eligendi neque omnis soluta quia. Sunt temporibus ut saepe omnis qui.', 'https://www.lavanguardia.com/r/GODO/LV/p7/WebSite/2020/11/10/Recortada/EuropaPress_3422304_valores_ibex_35_bolsa_madrid_espana_10_noviembre_2020_ibex_35_iniciado_sesion_20201110102031-khKG-U49384605019jcC-992x558@LaVanguardia-Web.jpg', 1, '2020-12-23 19:29:38', '2020-12-23 19:29:38'),
(60, 'Dolorem aut expedita laborum quaerat adipisci et et.', 4, '2020-12-24', 'Corporis in nesciunt vel. Fuga ut ut sed. Suscipit qui exercitationem dignissimos consectetur aut aut nostrum voluptatibus. Aut ipsam enim aliquam vitae ea pariatur. Quidem aliquam quis est id voluptatibus quia. Qui eos id quibusdam blanditiis et nihil dolores. Suscipit provident aliquam consequatur iure adipisci ea sed et. Quae aut nihil quod illo sint in. Temporibus nulla error omnis rerum. Amet eius sint eaque quos voluptates totam praesentium. Pariatur velit maiores nesciunt nobis. Eos libero exercitationem non atque voluptatum esse. Dolor non accusamus quas similique sed. Eos debitis iste occaecati dicta reiciendis in ut eum. Voluptatem cupiditate libero explicabo delectus molestiae. Assumenda laudantium facilis cum pariatur deleniti voluptatem iste. Non et quas rerum dignissimos sed doloremque. Et non illum voluptas qui.', 'https://www.lavanguardia.com/r/GODO/LV/p7/WebSite/2020/11/10/Recortada/EuropaPress_3422304_valores_ibex_35_bolsa_madrid_espana_10_noviembre_2020_ibex_35_iniciado_sesion_20201110102031-khKG-U49384605019jcC-992x558@LaVanguardia-Web.jpg', 1, '2020-12-23 19:29:38', '2020-12-23 19:29:38'),
(61, 'Dignissimos aut harum sint modi laudantium perferendis.', 2, '2020-12-24', 'Ullam nulla sit et magni est fugit. Quia delectus non rerum. Vero quis saepe neque est. Sequi odio amet vel aliquid ex impedit iste eaque. Incidunt dolores eveniet dolor blanditiis sed. Sed illum accusamus itaque voluptas ullam et. Qui eligendi necessitatibus corporis aliquid. Omnis neque recusandae ipsa. Autem non nesciunt a sit est dolore voluptatem. Modi dolor sunt earum aspernatur dicta necessitatibus voluptas molestias. Laborum aut magnam aut aliquid molestiae placeat. Expedita nihil numquam et est. Ut dolor beatae corrupti. Doloremque cum fuga pariatur rem modi. Voluptatem consequuntur rerum fugiat voluptatem. Accusamus est voluptas excepturi sit harum in ducimus alias.', 'https://www.lavanguardia.com/r/GODO/LV/p7/WebSite/2020/11/10/Recortada/EuropaPress_3422304_valores_ibex_35_bolsa_madrid_espana_10_noviembre_2020_ibex_35_iniciado_sesion_20201110102031-khKG-U49384605019jcC-992x558@LaVanguardia-Web.jpg', 1, '2020-12-23 19:29:38', '2020-12-23 19:29:38'),
(62, 'Consectetur suscipit possimus eos molestiae temporibus aut.', 3, '2020-12-22', 'Nisi repellendus voluptatibus quibusdam ipsam. Est unde quis doloribus et et. Quo asperiores autem dolore illo error atque corporis. Iste ratione nihil qui sit eum consequatur nisi. Corporis id reiciendis commodi veniam. Error ut et animi consequuntur dolore possimus. Labore inventore expedita natus minima ipsa eos sint cum. Ad repellendus aut porro laboriosam illo. Iste earum et suscipit deserunt neque. Et est necessitatibus voluptatem aperiam molestiae commodi odio. Unde et aut similique architecto possimus soluta. Consequuntur quis porro quibusdam corporis officia. Rerum voluptatem exercitationem similique enim tenetur neque. Aut et dolor mollitia recusandae rerum. Tempora culpa sit eum pariatur culpa dolorem.', 'https://www.lavanguardia.com/r/GODO/LV/p7/WebSite/2020/11/10/Recortada/20201110-637406096580094420_20201110132028-kQFD-U49386554113lpD-992x558@LaVanguardia-Web.jpg', 2, '2020-12-23 19:29:38', '2020-12-23 19:29:38'),
(63, 'Eos harum magnam excepturi.', 1, '2020-12-22', 'Corporis in itaque nobis velit laborum et aut. Nulla laborum sapiente aperiam consequatur aspernatur. Nulla repudiandae dolorem sunt veritatis. Quo assumenda doloremque eos praesentium magnam suscipit. Officiis perferendis in eos delectus et enim perferendis. Enim expedita culpa pariatur quaerat pariatur. Eum vel natus ex magnam deleniti magnam. Unde non dignissimos accusamus voluptatibus aut consequatur enim. Suscipit quo pariatur accusantium vero voluptatem. Assumenda sunt libero quia quos exercitationem a laborum. Totam est rerum quam quam. Numquam magni provident non voluptatem sint dolorum dolorum qui. Praesentium dignissimos labore iure in ut et error. Ut sed error ducimus sed vel sed. Aut ad id at occaecati architecto. Deleniti nesciunt voluptates quae et. Ut placeat molestias et sunt et dolores at. Id et illo rerum ut et. Ullam id totam vero quia voluptatum praesentium. Et reprehenderit ut provident nemo et assumenda architecto. Eum odit possimus nemo sit temporibus dolore. Et eligendi velit iusto eos qui. Quis blanditiis unde recusandae cum quisquam pariatur. Consequatur hic iure et enim nam. Sequi dolor vel consequatur qui velit.', 'https://www.lavanguardia.com/r/GODO/LV/p7/WebSite/2020/11/10/Recortada/20201110-637406096580094420_20201110132028-kQFD-U49386554113lpD-992x558@LaVanguardia-Web.jpg', 2, '2020-12-23 19:29:38', '2020-12-23 19:29:38'),
(64, 'Doloremque debitis est est maxime.', 1, '2020-12-24', 'Consequuntur sed velit hic iste odio veritatis. Eligendi qui similique aliquam. Blanditiis tenetur in corporis quia sint et culpa. Consequatur exercitationem consectetur ullam voluptatem ducimus reprehenderit. Voluptas est corrupti dolor et veritatis eum quo et. Molestias et rem enim quae explicabo. Vel laborum eos consectetur vel consequuntur quia esse dolores. Quidem consequuntur tempora officia vel asperiores dolor. Et aut iste officiis sint. In neque est eum quo veniam. Ipsa vero quis aliquid tenetur sunt et. Qui reprehenderit et dolorem dolor. Aut quam quis optio ullam pariatur sunt. Incidunt animi vel commodi est est dolor quos. Aut quaerat laboriosam recusandae soluta voluptatibus. Reprehenderit voluptate perferendis doloribus repellendus beatae. Assumenda dolorem provident tempora eveniet itaque error a. A sint consequatur laborum omnis quis aut. Quo exercitationem minima reprehenderit nihil.', 'https://www.lavanguardia.com/r/GODO/LV/p7/WebSite/2020/11/10/Recortada/EuropaPress_3422304_valores_ibex_35_bolsa_madrid_espana_10_noviembre_2020_ibex_35_iniciado_sesion_20201110102031-khKG-U49384605019jcC-992x558@LaVanguardia-Web.jpg', 2, '2020-12-23 19:29:38', '2020-12-23 19:29:38'),
(65, 'Recusandae molestias iste eos nostrum enim sint.', 1, '2020-12-21', 'Hic ut voluptas autem fugit porro modi. Exercitationem aperiam ut perferendis expedita id. A sit sapiente fugiat et odit. Aspernatur quam ipsum voluptas et nihil possimus cum illum. Corrupti numquam qui tempora nam facilis non sunt. Sit nihil fugiat adipisci quas aut facere. Repellat et quibusdam molestiae est quae. Nemo et ea in a alias. Vel ut eum debitis numquam iste aut. Dolorum omnis quas eum voluptatum commodi. Voluptatem explicabo tenetur ipsum ad ratione. Beatae praesentium fuga cumque consequuntur. Voluptas harum quia delectus.', 'https://www.lavanguardia.com/r/GODO/LV/p7/WebSite/2020/11/10/Recortada/EuropaPress_3414464_presidente_gobierno_pedro_sanchez_interviene_acto_presentacion_plan_recuperacion_20201105140527-kV7D-U49361158425yYF-992x558@LaVanguardia-Web.jpg', 1, '2020-12-23 19:29:38', '2020-12-23 19:29:38'),
(66, 'Aut tempore quae labore voluptatem et veniam quia et.', 4, '2020-12-24', 'Harum cupiditate ut ab qui dolores distinctio. Itaque qui qui numquam non similique rem. Culpa dolorem non voluptatem recusandae. Esse culpa distinctio neque consequatur. Nesciunt doloremque est ea eaque accusantium culpa. Aut et adipisci maiores esse sit. Sunt enim soluta deleniti est omnis. Delectus consequatur veniam hic facilis dolore dolorum. Delectus consequatur voluptatem reiciendis quibusdam ut. Mollitia id voluptatem quia similique labore qui fugit. Veniam corrupti voluptas nam quo occaecati ut. Et ratione dolores consequatur atque consequuntur. Iste dolorem accusantium aut laudantium. Repudiandae molestiae ducimus ea ipsa. Magni consequuntur non nostrum repudiandae et error debitis. Facilis natus quis voluptas temporibus ut quam adipisci qui. Fugit occaecati et ab est magnam. Repellat qui sunt rerum enim. At error quae fugiat enim cum. Voluptates quibusdam accusamus incidunt sit. Vel ipsa consequatur voluptatibus quo. Aut eius alias quia sapiente illo corrupti iste quia. Sit ut tempora velit voluptate. Autem doloremque eos asperiores non assumenda quidem. Suscipit in aspernatur eaque quia unde aut ab. Iusto natus ex non vero tenetur.', 'https://www.lavanguardia.com/r/GODO/LV/p7/WebSite/2020/11/10/Recortada/20201110-637406096580094420_20201110132028-kQFD-U49386554113lpD-992x558@LaVanguardia-Web.jpg', 2, '2020-12-23 19:29:38', '2020-12-23 19:29:38'),
(67, 'Accusamus sed inventore qui magni.', 4, '2020-12-24', 'Id debitis molestiae molestiae. Earum aut dolore deserunt vel similique at aut. Itaque in consectetur iusto minus. Consequatur vitae voluptatem vel mollitia et ea. Autem sit autem inventore provident sunt placeat. At veritatis sit culpa. Nobis doloremque dolores et magnam ullam dolor voluptas. Labore omnis nemo et laborum debitis voluptatibus. Neque est fugiat non ab a. Iste placeat fugiat commodi non molestiae aut. Sint omnis delectus voluptatem hic repellendus ut possimus adipisci. Iste est pariatur aut dicta ea natus. Minus hic consequuntur repudiandae consequatur quaerat ratione a aut. Odio ut et esse eum at aspernatur vitae rerum. Iure voluptate eius consequatur quia iusto id. Minima recusandae esse quia est vero laudantium. Ullam quisquam iure magnam sint et. Quia minus at alias. Et suscipit velit qui placeat deleniti accusantium esse. Sit voluptas eos natus velit. Nisi rerum perspiciatis expedita consequatur ratione ad. Est et odit quod. Accusantium qui hic minus accusantium impedit cum et. Tempore magni tempore molestiae atque officia quibusdam. In laborum eveniet sint tempora sequi. Iusto facere ut enim esse similique.', 'https://www.lavanguardia.com/r/GODO/LV/p7/WebSite/2020/11/10/Recortada/EuropaPress_3419052_rey_felipe_vi_junto_representantes_colectividad_espanola_visita_bolivia_asistir_20201108120544-kIrE-XN6VE48MJ1AOC75C-992x558@LaVanguardia-Web.jpg', 2, '2020-12-23 19:29:38', '2020-12-23 19:29:38'),
(68, 'Odio qui quod autem.', 4, '2020-12-21', 'Quos earum autem pariatur. Animi dolor praesentium earum quo. Vitae molestias quo rerum et voluptatum. Dolorum qui sed cum ipsa qui voluptas. Ab aspernatur dolorum molestiae suscipit minus ut facilis. Velit molestiae deserunt cumque repellendus eligendi sunt soluta. Eligendi in id quasi quo. Et inventore id rerum corrupti aliquid explicabo consequatur. Veniam et ipsam omnis iusto. Doloremque voluptas aut aliquid delectus natus. Sit voluptatem quasi possimus voluptate et. In enim id consequuntur maxime dolores harum ipsa. Voluptates iusto ad recusandae eveniet eius voluptas. Ratione provident omnis nisi. Eum aliquam a error consequatur et tempore. Ratione optio doloremque nostrum minus. Quae consequatur veritatis facere sit. Ipsum atque quibusdam maxime consectetur. Consectetur ea sint nam fuga libero.', 'https://www.lavanguardia.com/r/GODO/LV/p7/WebSite/2020/11/10/Recortada/EuropaPress_3422304_valores_ibex_35_bolsa_madrid_espana_10_noviembre_2020_ibex_35_iniciado_sesion_20201110102031-khKG-U49384605019jcC-992x558@LaVanguardia-Web.jpg', 2, '2020-12-23 19:29:38', '2020-12-23 19:29:38'),
(69, 'Neque illo maiores beatae quasi voluptatem dolore doloribus.', 3, '2020-12-23', 'Voluptatem quia et ratione omnis pariatur dignissimos. Aut iusto provident aut eos ipsam cumque. Similique soluta deleniti dolor dolor. Sapiente sint eum cumque ad. Qui molestiae quia eius. Doloremque occaecati quibusdam voluptas voluptatibus beatae atque et est. Incidunt autem perspiciatis reiciendis laudantium non temporibus beatae. Similique voluptates dolorem atque laboriosam eveniet eius. Alias non eos itaque. Dignissimos quam dolorum atque nam qui pariatur facere. Sint voluptate eius veritatis occaecati officia voluptas. Tenetur rerum in dicta est. Consectetur nemo quas nisi iste mollitia non. Necessitatibus consequuntur reprehenderit fugit molestiae ut blanditiis et. Ducimus eius quisquam dolores et. Error et asperiores eveniet excepturi tempora quas. Ex illo autem deserunt quo id sit.', 'https://www.lavanguardia.com/r/GODO/LV/p7/WebSite/2020/11/10/Recortada/EuropaPress_3419052_rey_felipe_vi_junto_representantes_colectividad_espanola_visita_bolivia_asistir_20201108120544-kIrE-XN6VE48MJ1AOC75C-992x558@LaVanguardia-Web.jpg', 2, '2020-12-23 19:29:38', '2020-12-23 19:29:38'),
(70, 'Commodi omnis porro tempora distinctio.', 1, '2020-12-24', 'Quis itaque illo porro id ea quidem. Debitis cupiditate eum quaerat et odio blanditiis minus cupiditate. Rerum ut iste unde. Deserunt occaecati fugiat iure et illo illo provident. Sunt dolorem consequatur tempore. Natus ut aliquam quis. Occaecati veritatis in velit aut laborum. Ut est eos quasi placeat. Suscipit dolores soluta et eos temporibus. Numquam sunt ipsam harum minus dolores quisquam atque suscipit. Soluta quisquam quo repellat non rerum culpa. Qui corporis repellendus voluptatibus dolor blanditiis. Molestias alias maiores eaque autem omnis sint. Quisquam suscipit quia voluptatibus reiciendis.', 'https://www.lavanguardia.com/r/GODO/LV/p7/WebSite/2020/11/10/Recortada/EuropaPress_3414464_presidente_gobierno_pedro_sanchez_interviene_acto_presentacion_plan_recuperacion_20201105140527-kV7D-U49361158425yYF-992x558@LaVanguardia-Web.jpg', 1, '2020-12-23 19:29:38', '2020-12-23 19:29:38'),
(71, 'Tempore molestiae architecto vitae maiores incidunt aut a.', 3, '2020-12-25', 'Nostrum iusto qui debitis illum sunt dicta id. Aut sed voluptas commodi nesciunt. Facere natus saepe provident sit. Aut ea animi sunt. Sed blanditiis facere quae omnis accusamus. Velit dolores aliquid quae at. Sint similique eveniet delectus earum. Incidunt tempore quos explicabo hic. Sit asperiores suscipit repellendus placeat nihil possimus sed. Nobis possimus nemo qui eligendi. Et veritatis maxime non magni ea consequatur. Et et commodi fuga sed. Vitae labore velit enim non veritatis repellat est. Aut est asperiores molestiae numquam dolores quam. Doloribus adipisci id et inventore.', 'https://www.lavanguardia.com/r/GODO/LV/p7/WebSite/2020/11/10/Recortada/20201110-637406096580094420_20201110132028-kQFD-U49386554113lpD-992x558@LaVanguardia-Web.jpg', 1, '2020-12-23 19:29:38', '2020-12-23 19:29:38'),
(72, 'Vitae labore aliquid consequatur minus sit omnis eum dignissimos.', 4, '2020-12-23', 'Et possimus officiis temporibus voluptatum consectetur debitis. Fugiat nisi hic ut adipisci iusto. Omnis accusamus cupiditate quibusdam in et. Ullam illo accusantium sint minima est. Vero rem voluptate consequatur distinctio accusantium omnis in. Harum mollitia ut consequatur odit. Ut quod hic animi voluptatum cupiditate. Voluptatem ipsam et iste natus. Possimus dolores praesentium vitae rerum perspiciatis. Porro magni harum nostrum natus maiores facere. Impedit assumenda aspernatur laudantium nihil ut autem perspiciatis. Soluta dolorem similique nemo error. Provident et consequatur blanditiis qui fugiat minus. Adipisci cum necessitatibus fugit expedita. Repellendus architecto quis molestiae ex debitis dignissimos. Doloribus dolore et voluptas amet. Fugiat minus voluptas magnam accusantium minima beatae facilis. Tenetur harum dolor vel iste est omnis delectus. Numquam quaerat et officia. Quos consectetur ratione culpa blanditiis expedita. Facilis iure ut in voluptas eius. Dolores sed libero animi molestias. Perspiciatis sint atque provident rerum totam eaque quo. Autem similique sit voluptatibus qui ut saepe quia. Architecto minus blanditiis sed. Culpa possimus minima tempore cupiditate rem aliquam possimus optio. Accusantium accusamus beatae quisquam voluptate illo modi recusandae.', 'https://www.lavanguardia.com/r/GODO/LV/p7/WebSite/2020/11/10/Recortada/20201110-637406096580094420_20201110132028-kQFD-U49386554113lpD-992x558@LaVanguardia-Web.jpg', 2, '2020-12-23 19:29:38', '2020-12-23 19:29:38'),
(73, 'Similique sit in ab deserunt omnis minus quia assumenda.', 4, '2020-12-22', 'Minus odit voluptatibus ex. Natus ut magni omnis. Eum dolore ut quia exercitationem. Illum sed eius occaecati laboriosam asperiores. Rerum inventore sed inventore aut atque autem doloremque. Fugit excepturi neque nesciunt in. Vero eos ut corporis rerum exercitationem. Beatae provident animi voluptatem hic labore sed quo. Et mollitia rem itaque dolorum ratione est. Aut saepe rerum et qui. Est velit omnis molestiae iusto praesentium. Ut voluptas voluptatibus beatae deleniti maiores earum architecto aspernatur. Dicta rerum ut hic quidem officia autem deleniti. Quas inventore mollitia esse voluptas. Sequi sed vero architecto non incidunt minima. Sit repellat beatae libero. Voluptas maiores sit et qui adipisci. Blanditiis doloremque deleniti architecto sapiente.', 'https://www.lavanguardia.com/r/GODO/LV/p7/WebSite/2020/11/10/Recortada/20201110-637406096580094420_20201110132028-kQFD-U49386554113lpD-992x558@LaVanguardia-Web.jpg', 1, '2020-12-23 19:29:38', '2020-12-23 19:29:38'),
(74, 'Libero similique ad exercitationem ut earum aut.', 2, '2020-12-25', 'Magnam vel ipsa exercitationem iusto ea distinctio explicabo. Qui iusto quaerat culpa tenetur at consectetur ut id. Corrupti occaecati labore omnis quam. Incidunt temporibus qui modi dolores quia. Sed rem deleniti esse. Cumque voluptatem possimus sint iste nihil praesentium. Earum sint quia modi doloribus. Veniam nostrum non sed veniam vero. Qui id provident similique qui doloribus ipsam. Voluptas incidunt praesentium aut. Ullam qui nihil vero sunt. Recusandae velit ab ut. Id et voluptate molestiae corrupti illum illum. Natus est tenetur facilis ut consequatur molestias. Quisquam aut rerum occaecati ut sint suscipit. Neque vitae magni laudantium illo iure veniam perspiciatis. Modi est sed minus. Corrupti cupiditate ea aliquid sint. Eveniet blanditiis et eius aut et veritatis a. Repellendus omnis ea autem debitis repellendus rem et. Cumque aspernatur sunt voluptate quod. Blanditiis natus maiores maiores quis numquam et. Labore inventore sint eos libero ut non. Reiciendis asperiores hic neque ratione quisquam eos quidem. Qui debitis minima beatae ea nesciunt.', 'https://www.lavanguardia.com/r/GODO/LV/p7/WebSite/2020/11/10/Recortada/EuropaPress_3422304_valores_ibex_35_bolsa_madrid_espana_10_noviembre_2020_ibex_35_iniciado_sesion_20201110102031-khKG-U49384605019jcC-992x558@LaVanguardia-Web.jpg', 1, '2020-12-23 19:29:38', '2020-12-23 19:29:38'),
(75, 'Neque possimus reiciendis sed.', 4, '2020-12-24', 'Quam laboriosam facere ea sit aliquid ab voluptatem. Est aut ipsum voluptas aliquid ut. Voluptates omnis et odit reprehenderit qui est magni. Placeat nulla ipsa et eos quo incidunt totam. Fugiat velit et saepe aliquid voluptates accusantium culpa facere. Qui temporibus adipisci voluptatum libero provident blanditiis voluptas. Officiis hic eos explicabo dolor iure et natus consequatur. Sit rerum magnam asperiores quo fuga. Tempora minima rerum reiciendis et rerum inventore. Consectetur voluptatem molestiae non ea id et ex. Soluta ea dicta reprehenderit officiis necessitatibus ipsum ut nihil. Reprehenderit eaque rerum asperiores voluptas quasi explicabo dolor culpa. Odio ratione deleniti eius consequatur eligendi voluptatum. Quo rerum provident inventore. Cumque consequatur ea illum doloribus officiis in ipsam. Quia consequatur libero saepe occaecati est quia qui. Velit non ullam nihil est maiores ut. Qui et qui unde non eveniet natus totam. Cum dolores et veniam in tempore sed. Et dolor eos nulla eos doloribus ut. Aut accusantium quam et cum ut.', 'https://www.lavanguardia.com/r/GODO/LV/p7/WebSite/2020/11/10/Recortada/EuropaPress_3422304_valores_ibex_35_bolsa_madrid_espana_10_noviembre_2020_ibex_35_iniciado_sesion_20201110102031-khKG-U49384605019jcC-992x558@LaVanguardia-Web.jpg', 2, '2020-12-23 19:29:38', '2020-12-23 19:29:38'),
(76, 'Illum nisi quaerat qui eum animi aliquam et.', 3, '2020-12-22', 'Ipsum similique dolor alias nihil quo vel. Voluptate consequatur assumenda aut explicabo vel. Praesentium eos facilis voluptate ut accusantium. Est illo eos cupiditate corrupti quisquam ut. Alias id velit consequatur dolores. Nemo ut deserunt rerum cumque accusantium nihil velit. Quis numquam dolorem velit repudiandae aut. Esse voluptatem beatae voluptatem nihil labore ut repellendus. Vel ducimus tenetur at dolore reprehenderit. Vero inventore aut impedit ut est quidem. Ut libero velit fuga molestias molestias. Ea eos sint quasi est beatae ipsum sequi rerum. Aut doloribus animi dolores consequatur odit. Aperiam soluta nulla nobis libero. Dolore facilis mollitia iusto. Ullam non dolore dolor facere repudiandae natus. Qui aut perspiciatis eius quas eos.', 'https://www.lavanguardia.com/r/GODO/LV/p7/WebSite/2020/11/10/Recortada/20201110-637406096580094420_20201110132028-kQFD-U49386554113lpD-992x558@LaVanguardia-Web.jpg', 1, '2020-12-23 19:29:38', '2020-12-23 19:29:38'),
(77, 'Commodi quis iste laudantium commodi quo nobis.', 2, '2020-12-22', 'Esse quas officia laudantium quis voluptate. Vel quas dolores fugit illum perferendis in veritatis. Animi hic quia itaque dignissimos modi omnis vel. Sunt eius suscipit quis alias impedit ea. Eius rerum sint odio id. Qui dolor voluptatibus quos. Sed error qui expedita quo sint est. Voluptatibus labore sit velit aliquam et in. Officia quia ducimus qui sed est enim veritatis. Consequatur eligendi rerum quis perferendis nihil similique. Eum eos et est laborum commodi velit. Aut sunt molestiae tempore molestiae. Alias quibusdam ut eaque. Totam nihil quam in qui qui itaque voluptatibus. Aspernatur esse quia iure. Non quis ipsam ut amet iste repudiandae. Quisquam illum sunt quo assumenda quis. Laudantium et dolores officia. Et est quo eius aut quaerat velit quasi. Et eveniet placeat sunt qui neque. Quia minima provident quia molestias eum. Sequi consequatur voluptatum autem at. Amet voluptatem assumenda minus id officiis perferendis et tempore. Perferendis molestiae voluptatem aut fuga omnis consectetur quis. Quia tempore veniam laborum sed quasi neque perferendis.', 'https://www.lavanguardia.com/r/GODO/LV/p7/WebSite/2020/11/10/Recortada/20201110-637406096580094420_20201110132028-kQFD-U49386554113lpD-992x558@LaVanguardia-Web.jpg', 1, '2020-12-23 19:29:38', '2020-12-23 19:29:38'),
(78, 'Ipsa nobis repellendus quasi et vero inventore dignissimos dicta.', 3, '2020-12-23', 'Voluptas tenetur non et quaerat distinctio beatae. Ut laboriosam ea sed ut nam atque labore. Maiores quo nihil ut corrupti magni. Facere exercitationem officia nihil ut repudiandae. Quisquam voluptatem sit saepe illum ipsum maxime soluta. Accusamus sunt error rerum et. Eum voluptas quo dolore reprehenderit et tenetur. Sed consequatur perferendis asperiores iure ab blanditiis voluptates. Saepe id neque consectetur earum. Animi quia quisquam et. Sunt quaerat mollitia quae minus et accusamus. Rem officia molestias quos aliquam vel. Voluptatibus praesentium excepturi aperiam consequatur. Consequatur quas id nobis illo officiis qui minima. Ut nobis eos consequatur sint officiis natus qui. Nihil doloribus velit repudiandae ut accusantium harum aperiam. Rerum aut quod maxime quam autem. Et quos eum officia alias repudiandae. Dolor repudiandae debitis facere quis ab quia modi qui. Veritatis est est tempora culpa earum. Provident est accusamus corporis tempora et. Placeat velit placeat et autem. Voluptatem et est repudiandae autem.', 'https://www.lavanguardia.com/r/GODO/LV/p7/WebSite/2020/11/10/Recortada/20201110-637406096580094420_20201110132028-kQFD-U49386554113lpD-992x558@LaVanguardia-Web.jpg', 1, '2020-12-23 19:29:38', '2020-12-23 19:29:38');
INSERT INTO `noticias` (`id`, `titulo`, `autor_id`, `fecha_publicacion`, `contenido`, `url`, `categoria_id`, `created_at`, `updated_at`) VALUES
(79, 'Et tempore quaerat atque fuga.', 2, '2020-12-23', 'Dignissimos quo voluptates perferendis laboriosam distinctio ut quo dolorum. Consequuntur fugiat quos veritatis incidunt voluptatem et exercitationem. Id voluptatem fugiat aut soluta. Similique excepturi est quae et praesentium distinctio eaque. Mollitia voluptate corporis unde suscipit. Consectetur sunt ut modi officia et. Aut qui aut optio consequatur sit. Est iure nulla nihil natus praesentium reprehenderit. Eum pariatur repellendus inventore pariatur. Sunt dolore ducimus voluptate ex quae. Sit quia in animi. Id odit iure repudiandae suscipit. Labore fuga magnam quasi est mollitia. Ab nisi error similique. Corrupti est accusantium ipsa voluptatum ut. Dolor incidunt autem mollitia adipisci explicabo recusandae. Consectetur magni consequatur consequuntur aliquam et quo. Est omnis labore inventore nam dolores. Reprehenderit rerum asperiores et voluptatum ea aut. Qui nisi aspernatur earum et. Tempora architecto ullam voluptatem et atque odit. Quidem dolore minima eveniet eos et molestiae qui. Error libero ut illo dolor ab praesentium. Architecto amet praesentium illum quia. Facilis sunt maxime omnis voluptas beatae.', 'https://www.lavanguardia.com/r/GODO/LV/p7/WebSite/2020/11/10/Recortada/20201110-637406096580094420_20201110132028-kQFD-U49386554113lpD-992x558@LaVanguardia-Web.jpg', 1, '2020-12-23 19:29:38', '2020-12-23 19:29:38'),
(80, 'Porro et reprehenderit qui quas id quis.', 3, '2020-12-23', 'Dolorem aperiam rem recusandae excepturi ullam quia. Et vel voluptatem quia inventore. Sequi deleniti totam in repellendus nihil iure doloremque. Distinctio laboriosam qui sit. Perspiciatis similique cumque repudiandae sit inventore beatae veniam. Molestiae veritatis est nobis animi non. Quos dolores non blanditiis facere quis. Sapiente quas autem veniam sapiente ut dolore. Qui non aut voluptatem ut. Est quis omnis qui impedit. Aspernatur dolorem consectetur dolor deserunt dolorum ullam iusto. Velit omnis asperiores porro. Qui quia eius et velit numquam minus consectetur. Ratione quia sit aut corporis. Et delectus aut quia velit. Veritatis nihil dolorem sequi consequatur. Sint quisquam animi nam quae maiores.', 'https://www.lavanguardia.com/r/GODO/LV/p7/WebSite/2020/11/10/Recortada/EuropaPress_3414464_presidente_gobierno_pedro_sanchez_interviene_acto_presentacion_plan_recuperacion_20201105140527-kV7D-U49361158425yYF-992x558@LaVanguardia-Web.jpg', 2, '2020-12-23 19:29:38', '2020-12-23 19:29:38'),
(81, 'Alias rerum molestiae non facilis praesentium deleniti nisi natus.', 2, '2020-12-22', 'Culpa aliquam qui tenetur rerum autem et iusto. Sequi eveniet sit a facilis rerum tempora. Non praesentium voluptas corrupti inventore rerum qui occaecati. Eius ut veritatis consequatur vitae voluptates. Ab sed est ex accusamus placeat aperiam pariatur. Maiores quia possimus tenetur. Commodi necessitatibus nihil expedita consequatur tempora. Sapiente consequuntur nihil omnis voluptatem. Esse facilis expedita sunt et harum. Quia necessitatibus et dolores minus rerum quae consequuntur. Dignissimos debitis voluptatem et cum voluptas. Aut aspernatur cupiditate fugit voluptatem velit praesentium. Nemo et dicta tempore incidunt sint quae rem. Suscipit aut quisquam dolor. Debitis aut eum nulla earum atque commodi doloribus. Veritatis aperiam et dolorum ut dolorem. Sint rerum voluptatem aut inventore. Possimus accusamus qui odio placeat et dolor. Nisi qui tempora eos neque maxime quo. Necessitatibus voluptas fugiat officiis similique earum. Ducimus laborum et ut dolor vel. Possimus labore et tenetur inventore. Sit deleniti porro consequatur harum qui ab.', 'https://www.lavanguardia.com/r/GODO/LV/p7/WebSite/2020/11/10/Recortada/20201110-637406096580094420_20201110132028-kQFD-U49386554113lpD-992x558@LaVanguardia-Web.jpg', 1, '2020-12-23 19:29:38', '2020-12-23 19:29:38'),
(82, 'Aut eligendi veniam architecto iste et nisi ullam quod.', 4, '2020-12-24', 'Quasi qui aut voluptatem eligendi consectetur voluptas eveniet. Qui fugit soluta magni non. Suscipit non eveniet non corporis. Veniam dolor quidem rerum facere. Minima illo optio ab reprehenderit pariatur sapiente officiis. Quia aspernatur veniam impedit enim explicabo est minima. Odit nam vel doloremque harum inventore voluptates fugit. Dicta iure expedita nihil dolores sit illum aut. Non dolorum laboriosam dolores qui nemo ullam error. Doloribus officiis id possimus ducimus iusto non expedita. Sint voluptatem dolores neque. Cumque hic nam vel molestiae qui delectus. Dolor non doloribus enim exercitationem voluptatem corporis tenetur. Ipsam sed et sit. Voluptatem autem consequatur qui odit recusandae blanditiis. Consequuntur nostrum non saepe ut voluptates dolorem sed. Non officia cupiditate quia ducimus quaerat inventore ut ea. Ab harum necessitatibus consequatur qui dolores a modi provident. Voluptas alias similique dolor repellendus quam. Fugit dicta at nostrum quas voluptatem doloremque esse labore. Eius dolor est eos hic enim consequuntur vel amet. Sit ratione sit exercitationem adipisci autem laborum. Voluptate fugiat dolor fugiat et quod nulla. Aut minima sint vitae est distinctio ad harum molestiae. Voluptatibus laborum asperiores sequi eveniet est ullam laudantium consequatur. Cumque sed debitis a eveniet commodi dolorem amet ut.', 'https://www.lavanguardia.com/r/GODO/LV/p7/WebSite/2020/11/10/Recortada/EuropaPress_3422304_valores_ibex_35_bolsa_madrid_espana_10_noviembre_2020_ibex_35_iniciado_sesion_20201110102031-khKG-U49384605019jcC-992x558@LaVanguardia-Web.jpg', 1, '2020-12-23 19:29:38', '2020-12-23 19:29:38'),
(83, 'Facere nihil ex dolorum.', 2, '2020-12-24', 'Optio iure nihil reiciendis nemo repudiandae. Error voluptatem eos impedit et. Et corporis quia ut quam hic doloribus dolorum. Dolorem nemo enim et. Ut error neque repellat culpa amet ex. Vero optio quam molestias expedita. Quia doloremque quia eos maxime fuga sint. Quia nostrum accusamus quisquam quae voluptatum aut commodi. Laborum sed atque repellat omnis. Assumenda officiis sunt fuga quia qui. Molestiae et minima eum tempora consequuntur ut quidem et. Aut aliquid amet omnis consectetur impedit voluptates. Est possimus et aut. Est odit culpa voluptas iure. Sit nihil saepe voluptates quam est. Quisquam ducimus facilis itaque quam tenetur qui qui. Non magnam ad adipisci vero id non. Et nemo qui aperiam temporibus at libero. Voluptates corrupti veritatis hic. Necessitatibus corporis facere est porro iure dicta molestiae. Debitis ut maxime autem quaerat eligendi velit et ea. Aut quia quis molestias voluptatibus consequatur explicabo. Laboriosam ad dignissimos molestiae. Et numquam natus voluptatum architecto ab voluptatem omnis.', 'https://www.lavanguardia.com/r/GODO/LV/p7/WebSite/2020/11/10/Recortada/20201110-637406096580094420_20201110132028-kQFD-U49386554113lpD-992x558@LaVanguardia-Web.jpg', 1, '2020-12-23 19:29:38', '2020-12-23 19:29:38'),
(84, 'Adipisci voluptatem accusamus repellat omnis eius quidem corrupti est.', 4, '2020-12-23', 'Et necessitatibus reprehenderit dolore esse. Asperiores minima rerum impedit. Alias aut deleniti ut deleniti est. Consequatur accusantium itaque aut quaerat. Quia eius officia earum necessitatibus. Inventore libero consequatur quo laboriosam omnis ut. Velit ab debitis sunt quas et est. Perferendis voluptate quidem voluptatibus. Aut et ut ipsam aut est voluptatum. Odio quia voluptatem beatae et mollitia ducimus. Ipsum ad quas facere eum. Velit nemo odio natus ullam eum a iusto dolores. Aspernatur officiis vel autem qui voluptas consectetur. In dignissimos voluptas libero nesciunt officiis.', 'https://www.lavanguardia.com/r/GODO/LV/p7/WebSite/2020/11/10/Recortada/EuropaPress_3422304_valores_ibex_35_bolsa_madrid_espana_10_noviembre_2020_ibex_35_iniciado_sesion_20201110102031-khKG-U49384605019jcC-992x558@LaVanguardia-Web.jpg', 1, '2020-12-23 19:29:38', '2020-12-23 19:29:38'),
(85, 'Officia quod deserunt enim eveniet quis aut.', 4, '2020-12-22', 'Sed rerum adipisci non expedita iste voluptatibus. Rerum explicabo ratione sint. Et illo nam quidem dolorum aliquid. Consequatur voluptatem iste atque quis adipisci. Hic eaque vel qui quisquam in dolorem. Harum harum ut vero assumenda. Velit dolores consequatur doloremque dignissimos quia. Nulla ducimus maxime tempore iusto recusandae ullam numquam. Non similique officia quae ut vel illo rerum et. Velit sequi voluptates corporis iusto cupiditate voluptatem quia. Quo eligendi minus et repudiandae saepe. Suscipit soluta cupiditate minima at provident cum quod. Corrupti et culpa quae consequuntur odit voluptatem. Quam ullam et id ipsum praesentium. Omnis totam assumenda minima eaque natus et molestiae.', 'https://www.lavanguardia.com/r/GODO/LV/p7/WebSite/2020/11/10/Recortada/20201110-637406096580094420_20201110132028-kQFD-U49386554113lpD-992x558@LaVanguardia-Web.jpg', 1, '2020-12-23 19:29:38', '2020-12-23 19:29:38'),
(86, 'Et non aut autem voluptatibus.', 4, '2020-12-24', 'Quos ratione ab ex eos odio earum veniam. Temporibus consequuntur fugit quia vel voluptas amet. Sunt voluptas sed sed vel. Velit voluptates sit dolore explicabo quia voluptates. Ex doloremque et qui sed aut voluptatum. Soluta debitis ex ea optio. Autem est consequuntur distinctio. Quod non consequatur quos impedit facere quo. Laborum quidem eveniet illum quidem accusamus necessitatibus. Culpa non est exercitationem et eaque sequi temporibus. Vitae voluptates sit qui atque voluptate. Pariatur nulla voluptatem magni et id enim aut. Rerum explicabo rerum quod inventore. Qui dolorum occaecati pariatur laboriosam quo corporis. Debitis qui reiciendis veritatis quasi dolore officiis. Aut perferendis excepturi praesentium. Quia veniam ipsa libero non itaque dolor. Alias libero explicabo blanditiis saepe magnam. Neque id sit nisi eum explicabo qui laboriosam. Blanditiis perspiciatis facere harum molestiae qui. Aut placeat vel eligendi quae.', 'https://www.lavanguardia.com/r/GODO/LV/p7/WebSite/2020/11/10/Recortada/EuropaPress_3414464_presidente_gobierno_pedro_sanchez_interviene_acto_presentacion_plan_recuperacion_20201105140527-kV7D-U49361158425yYF-992x558@LaVanguardia-Web.jpg', 1, '2020-12-23 19:29:38', '2020-12-23 19:29:38'),
(87, 'Dolores quo possimus nobis ratione voluptatum eos quia.', 4, '2020-12-23', 'Consequatur rem eligendi ab nemo et. Et et earum nihil beatae. Sequi soluta optio omnis. Expedita et est nesciunt dolorem vero exercitationem. Cupiditate porro facere eos temporibus. Voluptatem est non repudiandae sed animi sint voluptatem. Iste rerum ipsa et animi aspernatur sed. Accusamus rerum sed est non. Ut necessitatibus placeat repellat enim autem consequatur. Repellat at natus ab recusandae possimus sit cum quo. Tempore ratione exercitationem et laboriosam ut consequatur voluptatem. Corporis aut soluta numquam et. Molestiae laborum mollitia iste officiis veniam. Sequi fugit omnis animi ut corrupti dolores ut. Doloribus quos id et dolor veritatis facere. Ut autem amet voluptatem ipsum dolores. Voluptatem et et ab et est officia. Aut labore ducimus occaecati. Tempore quisquam nulla fugiat error accusamus eveniet. Maxime quisquam necessitatibus voluptas blanditiis nulla omnis quaerat. Sequi eveniet consequatur delectus numquam est. Aut est reprehenderit sint dolorem. Adipisci ea itaque vel impedit illum blanditiis recusandae.', 'https://www.lavanguardia.com/r/GODO/LV/p7/WebSite/2020/11/10/Recortada/EuropaPress_3414464_presidente_gobierno_pedro_sanchez_interviene_acto_presentacion_plan_recuperacion_20201105140527-kV7D-U49361158425yYF-992x558@LaVanguardia-Web.jpg', 1, '2020-12-23 19:29:38', '2020-12-23 19:29:38'),
(88, 'Eaque iure maiores mollitia modi et delectus sit.', 4, '2020-12-22', 'Et facilis alias omnis voluptas quidem. Dolor id molestiae repellat et voluptas corporis. Odio in sed minima. Error et dolore velit. Sunt aut iste placeat consectetur reprehenderit. Nostrum aperiam numquam consequatur culpa architecto velit. Sint eum illo excepturi in. Omnis enim earum officiis numquam. Temporibus occaecati veniam odit sed quas excepturi quia. Laboriosam dolores numquam esse aut. Fugit commodi velit tenetur qui labore iure. Rem enim unde itaque et est totam et. Sint eos aspernatur aliquid doloremque mollitia. Omnis eaque tenetur dicta vero consequatur enim tenetur. Eligendi animi quis aspernatur nostrum. Dolorum veritatis aliquam beatae. Voluptatem eos voluptatem esse vero. Aut in dignissimos dolorem vel provident facere. In et quidem repudiandae a. Nulla deserunt dolorem consequatur sapiente pariatur molestiae voluptates. Neque temporibus libero vero quia. Sint necessitatibus natus qui id nihil. Beatae magnam magni suscipit corrupti enim. Tempora veniam officia rerum amet deleniti tempore. Porro fuga necessitatibus ut voluptatum aut quia.', 'https://www.lavanguardia.com/r/GODO/LV/p7/WebSite/2020/11/10/Recortada/EuropaPress_3422304_valores_ibex_35_bolsa_madrid_espana_10_noviembre_2020_ibex_35_iniciado_sesion_20201110102031-khKG-U49384605019jcC-992x558@LaVanguardia-Web.jpg', 2, '2020-12-23 19:29:38', '2020-12-23 19:29:38'),
(89, 'Minus et quo nihil quis.', 4, '2020-12-23', 'Facere ipsa quia voluptatem. Aperiam aperiam sit dolore dolorem dicta aut. Repellendus consequuntur mollitia minima quo explicabo. Unde laudantium aut unde accusamus est. Temporibus doloribus suscipit fugit quis debitis saepe molestiae voluptatem. Excepturi quo culpa repellendus reiciendis quis. Aut error qui in est maxime qui. Nesciunt aliquam odio perferendis. Asperiores et ut iste nam quo quos dignissimos. Atque deleniti rerum omnis eos sunt. Non veniam maxime qui qui. Consequatur reprehenderit nulla quasi occaecati dolores temporibus. Qui exercitationem dignissimos nemo aut. Tempore temporibus quo minima perspiciatis necessitatibus autem molestias. Est vitae vel doloremque velit doloremque. Dolorem et animi officiis adipisci nemo harum blanditiis. Quam voluptas blanditiis non rerum. Laboriosam rerum sed accusantium nihil autem. Nihil necessitatibus aut earum ratione. Odit recusandae sint illo. Ea sed recusandae sunt dolor veritatis quia dolor. Vero error aliquid non eligendi commodi culpa aut. Et ipsa illum officia vitae sunt. Minus ut quod sint vel optio voluptas enim. Et voluptates ullam dolores. Rerum provident vitae consequuntur cupiditate.', 'https://www.lavanguardia.com/r/GODO/LV/p7/WebSite/2020/11/10/Recortada/EuropaPress_3414464_presidente_gobierno_pedro_sanchez_interviene_acto_presentacion_plan_recuperacion_20201105140527-kV7D-U49361158425yYF-992x558@LaVanguardia-Web.jpg', 1, '2020-12-23 19:29:38', '2020-12-23 19:29:38'),
(90, 'Quia ea nulla amet sint eum et.', 1, '2020-12-24', 'Ipsa tempore ducimus reiciendis vero quia quaerat aut assumenda. Dolor quidem sint asperiores perspiciatis consectetur. Sed perspiciatis omnis rerum reprehenderit quasi. Nulla tenetur ut quam pariatur quia rerum voluptatem. Et iure quos aliquid et qui excepturi. Voluptatum sequi mollitia maiores earum omnis quo cupiditate et. Deleniti autem aut laboriosam excepturi eos placeat neque saepe. Nesciunt laborum esse voluptatem qui aspernatur ipsum aut illum. Maiores doloremque quidem molestiae dolores rerum recusandae. Ab velit et et vel. Eos ipsum occaecati quis at aspernatur. Quisquam quia eaque tenetur soluta laborum qui atque. Id nemo saepe eveniet eum. Adipisci molestias omnis ut ipsum voluptatem. Dolor suscipit doloribus vitae vero architecto necessitatibus velit.', 'https://www.lavanguardia.com/r/GODO/LV/p7/WebSite/2020/11/10/Recortada/EuropaPress_3414464_presidente_gobierno_pedro_sanchez_interviene_acto_presentacion_plan_recuperacion_20201105140527-kV7D-U49361158425yYF-992x558@LaVanguardia-Web.jpg', 2, '2020-12-23 19:29:38', '2020-12-23 19:29:38'),
(91, 'Magni eligendi sapiente voluptate nam cum aut voluptatum.', 2, '2020-12-25', 'Atque repellat qui magni molestiae. Molestias est rerum debitis accusamus. Voluptatum aliquam suscipit sit libero laborum commodi eos iusto. Et enim cupiditate minus quia aut. Omnis et incidunt rerum voluptate. Qui possimus sint odio dolorem minima rerum quae. Consequatur quidem non velit explicabo similique quidem dolorem. Qui laborum a cum necessitatibus ipsa sit necessitatibus. Repellendus dignissimos quo blanditiis ut. Quaerat architecto cumque eos optio non. Ea debitis ea repellendus cum iste nesciunt. Deserunt sint provident dolore libero. Quibusdam laborum quaerat excepturi esse enim labore similique. Fugiat dolorum nam quae aut corporis voluptatem. Blanditiis amet ea sed.', 'https://www.lavanguardia.com/r/GODO/LV/p7/WebSite/2020/11/10/Recortada/20201110-637406096580094420_20201110132028-kQFD-U49386554113lpD-992x558@LaVanguardia-Web.jpg', 1, '2020-12-23 19:29:38', '2020-12-23 19:29:38'),
(92, 'Sit necessitatibus aut quis odit eligendi.', 4, '2020-12-22', 'Quia illum eaque illum. Doloremque nihil ullam fugiat non. Molestiae et et corporis ullam. Ut ex qui dolores fugit voluptatem. Doloremque eos occaecati quam cum a eligendi. Sit perspiciatis dolor deleniti ea et non. Molestiae aliquid dicta voluptatem iusto. Illum modi nobis ullam quia voluptatem consequatur maxime. Cupiditate sunt tempore sint nobis dolore omnis. Omnis qui nisi aliquam possimus aut maiores. Amet labore quidem laudantium vel incidunt quo quidem. Possimus illum molestiae vero quae quia fugiat. Sequi accusamus non labore ducimus voluptatem id dolorum. Dolore quos fugit magni quia tempore ut quia. Incidunt in eum et sunt id molestias. Nulla atque rem nam quidem voluptatum id sequi. Quia sunt fugit velit non autem eos. Velit omnis animi quisquam nostrum. Delectus aut mollitia ut eligendi ab. Culpa omnis qui expedita dignissimos nesciunt ad officia doloremque. Ut ducimus nisi ullam. Est adipisci nisi sint et. Ut veritatis et dolores reiciendis. Nisi omnis sint aspernatur qui.', 'https://www.lavanguardia.com/r/GODO/LV/p7/WebSite/2020/11/10/Recortada/EuropaPress_3414464_presidente_gobierno_pedro_sanchez_interviene_acto_presentacion_plan_recuperacion_20201105140527-kV7D-U49361158425yYF-992x558@LaVanguardia-Web.jpg', 1, '2020-12-23 19:29:38', '2020-12-23 19:29:38'),
(93, 'Accusantium eum corporis maiores non.', 3, '2020-12-24', 'Commodi animi quasi ea harum veritatis a. Exercitationem magnam ea deleniti voluptas sed sit omnis. Iure magnam rem assumenda quia suscipit quos. Nihil qui quidem sit et optio. Est est ducimus enim deserunt aut labore in. Autem maiores accusamus iste cupiditate velit deserunt magnam. Eos facere expedita accusantium aut. Quia aut et occaecati ut. Ducimus ab nemo minus neque assumenda. Maxime rerum vel sunt ut quis molestias. Ea consequatur praesentium nihil corrupti blanditiis. Adipisci laudantium facilis ea est debitis ab sit ea. Optio aut quo earum magnam quo similique voluptatum et. Tempore in ut perspiciatis id quia dolor quia. Minima qui natus nesciunt eum excepturi molestias. Rem quisquam illum aspernatur sit et doloremque culpa.', 'https://www.lavanguardia.com/r/GODO/LV/p7/WebSite/2020/11/10/Recortada/20201110-637406096580094420_20201110132028-kQFD-U49386554113lpD-992x558@LaVanguardia-Web.jpg', 1, '2020-12-23 19:29:38', '2020-12-23 19:29:38'),
(94, 'Esse quos sit suscipit culpa.', 3, '2020-12-24', 'Voluptas deleniti provident magni asperiores facilis. Quia quod eos fuga vitae nulla voluptas. Maiores esse quia repudiandae. Facilis nobis fugit voluptas consequatur ut rerum temporibus. Aperiam veniam et consequuntur ratione recusandae recusandae. Voluptas adipisci molestias blanditiis ad voluptatem. Rerum quia aut consectetur praesentium officia quibusdam. Molestiae excepturi et qui dolorem ea ipsum. Perferendis aperiam ea suscipit et sit eveniet. Et voluptas consequatur sapiente sit. Minima perspiciatis soluta nesciunt sed. Rerum a dicta corporis eum. Molestiae voluptas doloribus est enim voluptatibus accusamus ratione. Est optio unde recusandae omnis repellendus quia. Ipsa soluta in dolor blanditiis. Non autem odit blanditiis delectus. Reiciendis cum maxime minus temporibus ea. Aspernatur vel alias fugiat voluptates natus.', 'https://www.lavanguardia.com/r/GODO/LV/p7/WebSite/2020/11/10/Recortada/20201110-637406096580094420_20201110132028-kQFD-U49386554113lpD-992x558@LaVanguardia-Web.jpg', 2, '2020-12-23 19:29:38', '2020-12-23 19:29:38'),
(95, 'Eum explicabo ut in est.', 4, '2020-12-24', 'Aliquid minima et architecto laudantium. Et quis dolor at voluptatem. Cupiditate in voluptatibus eum fugit dolor odio fuga. Aut eveniet temporibus maxime autem dolorem sit. Dolores enim fugit mollitia quaerat dolorem perferendis velit. Atque quia ut expedita tempore laudantium. Harum similique fuga rerum voluptatum molestias voluptates. Nemo maxime similique placeat ipsam blanditiis. Vitae corrupti suscipit exercitationem accusantium eligendi et nemo. Dolore quo inventore vel delectus. Molestiae ut fuga eius fugit molestias sed officia. Voluptate dolor tempora nisi soluta perferendis aut. Qui voluptate deleniti aut possimus voluptas magnam. Ipsa inventore atque repellat. Sapiente nihil facere perferendis dolores inventore maiores iure. Autem sequi quia sed consequuntur. Pariatur dolorem delectus exercitationem. Officiis soluta quia reprehenderit doloremque sunt sit dolor error. Nisi debitis aut occaecati ea in. Et ipsa quasi voluptatem recusandae numquam debitis eius.', 'https://www.lavanguardia.com/r/GODO/LV/p7/WebSite/2020/11/10/Recortada/EuropaPress_3414464_presidente_gobierno_pedro_sanchez_interviene_acto_presentacion_plan_recuperacion_20201105140527-kV7D-U49361158425yYF-992x558@LaVanguardia-Web.jpg', 1, '2020-12-23 19:29:38', '2020-12-23 19:29:38'),
(96, 'Rerum praesentium aut eaque quidem debitis sint distinctio quia.', 2, '2020-12-23', 'Aut quos praesentium saepe minus est. Ut magni non necessitatibus voluptas. Quod aspernatur corporis mollitia dicta. Voluptatibus nobis mollitia voluptatum alias et est. Voluptas et doloremque minima vel voluptatem. Enim nam ut ut incidunt hic voluptas dignissimos. Unde velit pariatur nulla aspernatur. Doloribus numquam sint illo quia debitis voluptatem. Minima est ducimus dolorem aliquam molestiae repellat dolores. Sint ipsa est aut eveniet tempore at. Rem omnis dolores itaque atque. Magnam repellat dolorem enim perspiciatis sunt maxime. Ipsa iste enim quisquam vitae magni. Quia natus quam ab distinctio doloremque porro sequi.', 'https://www.lavanguardia.com/r/GODO/LV/p7/WebSite/2020/11/10/Recortada/EuropaPress_3422304_valores_ibex_35_bolsa_madrid_espana_10_noviembre_2020_ibex_35_iniciado_sesion_20201110102031-khKG-U49384605019jcC-992x558@LaVanguardia-Web.jpg', 2, '2020-12-23 19:29:38', '2020-12-23 19:29:38'),
(97, 'Maiores tempora voluptatibus quia.', 2, '2020-12-24', 'Voluptas dicta dolorem vero nobis. Quis nostrum rerum aspernatur quibusdam labore voluptatum omnis. Autem voluptatibus ratione est in. Hic est aut dolores. Minus ipsum incidunt consectetur iure suscipit est hic. Quia aliquam quo magni sed deserunt in amet. Quis ducimus veniam et quo. Odit ipsa ad perspiciatis blanditiis quasi temporibus. Velit ab odio iste ullam qui dignissimos nihil. Et qui ipsa dignissimos impedit natus quia aut quas. Deleniti at sed quaerat aut similique labore quia. Dolorem occaecati ut itaque omnis. Ut est labore omnis est nostrum neque fuga.', 'https://www.lavanguardia.com/r/GODO/LV/p7/WebSite/2020/11/10/Recortada/EuropaPress_3419052_rey_felipe_vi_junto_representantes_colectividad_espanola_visita_bolivia_asistir_20201108120544-kIrE-XN6VE48MJ1AOC75C-992x558@LaVanguardia-Web.jpg', 1, '2020-12-23 19:29:38', '2020-12-23 19:29:38'),
(98, 'Voluptas et enim ipsa odit eum.', 3, '2020-12-24', 'Dolores a eos quasi commodi. Quia aut optio voluptatum totam. Assumenda ut et labore tenetur iure deserunt. Est hic dolorem in perferendis praesentium magnam aut dolor. Autem autem qui velit at. Aut soluta voluptatibus ut voluptatum doloremque nulla esse et. Ut similique libero mollitia voluptas voluptatum aliquid. Animi dolorum cumque voluptas dolore perspiciatis nobis aut. Explicabo sunt provident voluptatum. Ducimus nam natus cumque officiis in voluptas rem rerum. Et ipsam architecto excepturi alias incidunt. Autem eveniet ullam nostrum ipsum. Cum illo consectetur placeat suscipit quos quia. Ad tempora labore quis ab commodi corrupti et autem. Officiis ut et eum odit debitis.', 'https://www.lavanguardia.com/r/GODO/LV/p7/WebSite/2020/11/10/Recortada/EuropaPress_3414464_presidente_gobierno_pedro_sanchez_interviene_acto_presentacion_plan_recuperacion_20201105140527-kV7D-U49361158425yYF-992x558@LaVanguardia-Web.jpg', 1, '2020-12-23 19:29:38', '2020-12-23 19:29:38'),
(99, 'Veniam dolore quae possimus velit.', 4, '2020-12-24', 'Beatae accusamus dolor aliquam enim. Quae qui provident minima aut assumenda dolorum occaecati veniam. Dolor consequuntur veniam et et. Omnis dolores porro sunt rem molestiae. Voluptates sit quo repudiandae aut. Quae perferendis magni assumenda numquam modi ipsum. Aspernatur consequuntur sed asperiores. Cumque sint consequatur expedita vel. Harum dolorum illum sit assumenda nihil et. Nam in inventore omnis libero sunt. Eaque dolor necessitatibus deleniti sunt fugiat omnis. Pariatur exercitationem est in voluptas ut. Nesciunt expedita ut dolor accusantium voluptatem architecto. Molestias doloremque natus aut similique qui temporibus aspernatur ad. Reiciendis quam iure et ab molestiae magni. Et quia aspernatur nobis commodi et sit dolores. Et odio quia ipsum delectus omnis perferendis. Ullam et reiciendis id aliquid. Omnis nostrum dolor consequatur architecto aut. Asperiores reprehenderit numquam aliquid. Sit optio aliquid quis iure voluptatem et consequatur. Laborum ut eos et ratione. Ratione debitis vero voluptatibus rerum saepe laboriosam ut. Provident magni delectus autem rerum blanditiis sequi dicta. Et dicta aut est velit. Dolor et vel facilis explicabo mollitia qui. Consectetur et non ea quisquam debitis recusandae sint. Et voluptatem sed architecto est.', 'https://www.lavanguardia.com/r/GODO/LV/p7/WebSite/2020/11/10/Recortada/EuropaPress_3422304_valores_ibex_35_bolsa_madrid_espana_10_noviembre_2020_ibex_35_iniciado_sesion_20201110102031-khKG-U49384605019jcC-992x558@LaVanguardia-Web.jpg', 2, '2020-12-23 19:29:38', '2020-12-23 19:29:38'),
(100, 'Enim dolorem rerum explicabo quaerat porro.', 4, '2020-12-24', 'Quia tenetur dignissimos qui ut consequatur ducimus. Velit et quis facilis culpa doloremque. Nulla corrupti aut tempore in. Ut voluptas optio est sunt. Alias consectetur facilis non corporis sunt iure cum. Nulla blanditiis labore vitae temporibus ea. Sapiente quo ut minima id. Illo neque magnam vel et deserunt est repellendus. Soluta ea ullam deserunt rerum doloribus illo officiis. Sit officiis accusantium temporibus saepe tenetur dolor. Eligendi recusandae possimus delectus ut quo ipsum excepturi magni. Est est qui ratione et consectetur voluptatibus velit. Sint nulla temporibus qui similique aut non.', 'https://www.lavanguardia.com/r/GODO/LV/p7/WebSite/2020/11/10/Recortada/EuropaPress_3419052_rey_felipe_vi_junto_representantes_colectividad_espanola_visita_bolivia_asistir_20201108120544-kIrE-XN6VE48MJ1AOC75C-992x558@LaVanguardia-Web.jpg', 1, '2020-12-23 19:29:38', '2020-12-23 19:29:38');

-- --------------------------------------------------------

--
-- Estructura de tabla para la tabla `password_resets`
--

CREATE TABLE `password_resets` (
  `email` varchar(255) COLLATE utf8mb4_unicode_ci NOT NULL,
  `token` varchar(255) COLLATE utf8mb4_unicode_ci NOT NULL,
  `created_at` timestamp NULL DEFAULT NULL
) ENGINE=InnoDB DEFAULT CHARSET=utf8mb4 COLLATE=utf8mb4_unicode_ci;

-- --------------------------------------------------------

--
-- Estructura de tabla para la tabla `users`
--

CREATE TABLE `users` (
  `id` bigint(20) UNSIGNED NOT NULL,
  `name` varchar(255) COLLATE utf8mb4_unicode_ci NOT NULL,
  `email` varchar(255) COLLATE utf8mb4_unicode_ci NOT NULL,
  `email_verified_at` timestamp NULL DEFAULT NULL,
  `password` varchar(255) COLLATE utf8mb4_unicode_ci NOT NULL,
  `remember_token` varchar(100) COLLATE utf8mb4_unicode_ci DEFAULT NULL,
  `created_at` timestamp NULL DEFAULT NULL,
  `updated_at` timestamp NULL DEFAULT NULL
) ENGINE=InnoDB DEFAULT CHARSET=utf8mb4 COLLATE=utf8mb4_unicode_ci;

--
-- Índices para tablas volcadas
--

--
-- Indices de la tabla `autores`
--
ALTER TABLE `autores`
  ADD PRIMARY KEY (`id`);

--
-- Indices de la tabla `categorias`
--
ALTER TABLE `categorias`
  ADD PRIMARY KEY (`id`);

--
-- Indices de la tabla `failed_jobs`
--
ALTER TABLE `failed_jobs`
  ADD PRIMARY KEY (`id`),
  ADD UNIQUE KEY `failed_jobs_uuid_unique` (`uuid`);

--
-- Indices de la tabla `migrations`
--
ALTER TABLE `migrations`
  ADD PRIMARY KEY (`id`);

--
-- Indices de la tabla `noticias`
--
ALTER TABLE `noticias`
  ADD PRIMARY KEY (`id`),
  ADD KEY `noticias_autor_id_foreign` (`autor_id`),
  ADD KEY `noticias_categoria_id_foreign` (`categoria_id`);

--
-- Indices de la tabla `password_resets`
--
ALTER TABLE `password_resets`
  ADD KEY `password_resets_email_index` (`email`);

--
-- Indices de la tabla `users`
--
ALTER TABLE `users`
  ADD PRIMARY KEY (`id`),
  ADD UNIQUE KEY `users_email_unique` (`email`);

--
-- AUTO_INCREMENT de las tablas volcadas
--

--
-- AUTO_INCREMENT de la tabla `autores`
--
ALTER TABLE `autores`
  MODIFY `id` bigint(20) UNSIGNED NOT NULL AUTO_INCREMENT, AUTO_INCREMENT=5;

--
-- AUTO_INCREMENT de la tabla `categorias`
--
ALTER TABLE `categorias`
  MODIFY `id` bigint(20) UNSIGNED NOT NULL AUTO_INCREMENT, AUTO_INCREMENT=3;

--
-- AUTO_INCREMENT de la tabla `failed_jobs`
--
ALTER TABLE `failed_jobs`
  MODIFY `id` bigint(20) UNSIGNED NOT NULL AUTO_INCREMENT;

--
-- AUTO_INCREMENT de la tabla `migrations`
--
ALTER TABLE `migrations`
  MODIFY `id` int(10) UNSIGNED NOT NULL AUTO_INCREMENT, AUTO_INCREMENT=7;

--
-- AUTO_INCREMENT de la tabla `noticias`
--
ALTER TABLE `noticias`
  MODIFY `id` bigint(20) UNSIGNED NOT NULL AUTO_INCREMENT, AUTO_INCREMENT=101;

--
-- AUTO_INCREMENT de la tabla `users`
--
ALTER TABLE `users`
  MODIFY `id` bigint(20) UNSIGNED NOT NULL AUTO_INCREMENT;

--
-- Restricciones para tablas volcadas
--

--
-- Filtros para la tabla `noticias`
--
ALTER TABLE `noticias`
  ADD CONSTRAINT `noticias_autor_id_foreign` FOREIGN KEY (`autor_id`) REFERENCES `autores` (`id`) ON DELETE SET NULL,
  ADD CONSTRAINT `noticias_categoria_id_foreign` FOREIGN KEY (`categoria_id`) REFERENCES `categorias` (`id`) ON DELETE SET NULL;
COMMIT;

/*!40101 SET CHARACTER_SET_CLIENT=@OLD_CHARACTER_SET_CLIENT */;
/*!40101 SET CHARACTER_SET_RESULTS=@OLD_CHARACTER_SET_RESULTS */;
/*!40101 SET COLLATION_CONNECTION=@OLD_COLLATION_CONNECTION */;
